feature_name,source,category,formula_or_definition,physical_reason,inference_available,uses_target,uses_identifier,recommended_status
Applied_Voltage_kV,Raw,Physical Measurement,Derived parameter/flag: Applied_Voltage_kV,"Captures physical operating condition, sensor alignment, or data-quality integrity.",True,False,False,retained
Load_Current_A,Raw,Physical Measurement,Derived parameter/flag: Load_Current_A,"Captures physical operating condition, sensor alignment, or data-quality integrity.",True,False,False,retained
Ambient_Temperature_C,Raw,Physical Measurement,Derived parameter/flag: Ambient_Temperature_C,"Captures physical operating condition, sensor alignment, or data-quality integrity.",True,False,False,retained
Test_Duration_min,Raw,Physical Measurement,Derived parameter/flag: Test_Duration_min,"Captures physical operating condition, sensor alignment, or data-quality integrity.",True,False,False,retained
Sensor_S1,Raw,Physical Measurement,Derived parameter/flag: Sensor_S1,"Captures physical operating condition, sensor alignment, or data-quality integrity.",True,False,False,retained
Sensor_S2,Raw,Physical Measurement,Derived parameter/flag: Sensor_S2,"Captures physical operating condition, sensor alignment, or data-quality integrity.",True,False,False,retained
Sensor_S3,Raw,Physical Measurement,Derived parameter/flag: Sensor_S3,"Captures physical operating condition, sensor alignment, or data-quality integrity.",True,False,False,retained
Sensor_S4,Raw,Physical Measurement,Derived parameter/flag: Sensor_S4,"Captures physical operating condition, sensor alignment, or data-quality integrity.",True,False,False,retained
missing_any,P1_Stage1/2,Data Quality Flag,Derived parameter/flag: missing_any,"Captures physical operating condition, sensor alignment, or data-quality integrity.",True,False,False,retained
missing_critical_measurement,P1_Stage5,Data Quality Flag,Derived parameter/flag: missing_critical_measurement,"Captures physical operating condition, sensor alignment, or data-quality integrity.",True,False,False,retained
non_finite_value,P1_Stage1/2,Data Quality Flag,Derived parameter/flag: non_finite_value,"Captures physical operating condition, sensor alignment, or data-quality integrity.",True,False,False,retained
duplicate_full_row,P1_Stage5,Engineered Interaction/Difference,Derived parameter/flag: duplicate_full_row,"Captures physical operating condition, sensor alignment, or data-quality integrity.",True,False,False,retained
duplicate_test_id,P1_Stage5,Engineered Interaction/Difference,Derived parameter/flag: duplicate_test_id,"Captures physical operating condition, sensor alignment, or data-quality integrity.",True,False,False,retained
duplicate_measurement_pair,P1_Stage5,Engineered Interaction/Difference,Derived parameter/flag: duplicate_measurement_pair,"Captures physical operating condition, sensor alignment, or data-quality integrity.",True,False,False,retained
malformed_numeric,P1_Stage5,Engineered Interaction/Difference,Derived parameter/flag: malformed_numeric,"Captures physical operating condition, sensor alignment, or data-quality integrity.",True,False,False,retained
invalid_voltage,P1_Stage5,Data Quality Flag,Derived parameter/flag: invalid_voltage,"Captures physical operating condition, sensor alignment, or data-quality integrity.",True,False,False,retained
invalid_current,P1_Stage5,Data Quality Flag,Derived parameter/flag: invalid_current,"Captures physical operating condition, sensor alignment, or data-quality integrity.",True,False,False,retained
invalid_duration,P1_Stage5,Data Quality Flag,Derived parameter/flag: invalid_duration,"Captures physical operating condition, sensor alignment, or data-quality integrity.",True,False,False,retained
invalid_ambient_temp,P1_Stage5,Data Quality Flag,Derived parameter/flag: invalid_ambient_temp,"Captures physical operating condition, sensor alignment, or data-quality integrity.",True,False,False,retained
sensor_s2_negative,P1_Stage5,Engineered Interaction/Difference,Derived parameter/flag: sensor_s2_negative,"Captures physical operating condition, sensor alignment, or data-quality integrity.",True,False,False,retained
sensor_zero_reading,P1_Stage5,Engineered Interaction/Difference,Derived parameter/flag: sensor_zero_reading,"Captures physical operating condition, sensor alignment, or data-quality integrity.",True,False,False,retained
data_quality_issue_count,P1_Stage5,Engineered Interaction/Difference,Derived parameter/flag: data_quality_issue_count,"Captures physical operating condition, sensor alignment, or data-quality integrity.",True,False,False,retained
data_quality_issue,P1_Stage1/2,Data Quality Flag,Derived parameter/flag: data_quality_issue,"Captures physical operating condition, sensor alignment, or data-quality integrity.",True,False,False,retained
S1_minus_S2,P1_Stage5,Engineered Interaction/Difference,Derived parameter/flag: S1_minus_S2,"Captures physical operating condition, sensor alignment, or data-quality integrity.",True,False,False,retained
S1_minus_S3,P1_Stage5,Engineered Interaction/Difference,Derived parameter/flag: S1_minus_S3,"Captures physical operating condition, sensor alignment, or data-quality integrity.",True,False,False,retained
S1_minus_S4,P1_Stage5,Engineered Interaction/Difference,Derived parameter/flag: S1_minus_S4,"Captures physical operating condition, sensor alignment, or data-quality integrity.",True,False,False,retained
S2_minus_S3,P1_Stage5,Engineered Interaction/Difference,Derived parameter/flag: S2_minus_S3,"Captures physical operating condition, sensor alignment, or data-quality integrity.",True,False,False,retained
S2_minus_S4,P1_Stage5,Engineered Interaction/Difference,Derived parameter/flag: S2_minus_S4,"Captures physical operating condition, sensor alignment, or data-quality integrity.",True,False,False,retained
S3_minus_S4,P1_Stage5,Engineered Interaction/Difference,Derived parameter/flag: S3_minus_S4,"Captures physical operating condition, sensor alignment, or data-quality integrity.",True,False,False,retained
sensor_mean_S1_S2_S3,P1_Stage5,Engineered Interaction/Difference,Derived parameter/flag: sensor_mean_S1_S2_S3,"Captures physical operating condition, sensor alignment, or data-quality integrity.",True,False,False,retained
sensor_median_S1_S2_S3,P1_Stage5,Engineered Interaction/Difference,Derived parameter/flag: sensor_median_S1_S2_S3,"Captures physical operating condition, sensor alignment, or data-quality integrity.",True,False,False,retained
sensor_std_S1_S2_S3,P1_Stage5,Engineered Interaction/Difference,Derived parameter/flag: sensor_std_S1_S2_S3,"Captures physical operating condition, sensor alignment, or data-quality integrity.",True,False,False,retained
sensor_mean_S1_S2_S3_S4,P1_Stage5,Engineered Interaction/Difference,Derived parameter/flag: sensor_mean_S1_S2_S3_S4,"Captures physical operating condition, sensor alignment, or data-quality integrity.",True,False,False,retained
sensor_median_S1_S2_S3_S4,P1_Stage5,Engineered Interaction/Difference,Derived parameter/flag: sensor_median_S1_S2_S3_S4,"Captures physical operating condition, sensor alignment, or data-quality integrity.",True,False,False,retained
sensor_std_S1_S2_S3_S4,P1_Stage5,Engineered Interaction/Difference,Derived parameter/flag: sensor_std_S1_S2_S3_S4,"Captures physical operating condition, sensor alignment, or data-quality integrity.",True,False,False,retained
max_minus_min_sensors,P1_Stage5,Engineered Interaction/Difference,Derived parameter/flag: max_minus_min_sensors,"Captures physical operating condition, sensor alignment, or data-quality integrity.",True,False,False,retained
pairwise_abs_diff_mean,P1_Stage5,Engineered Interaction/Difference,Derived parameter/flag: pairwise_abs_diff_mean,"Captures physical operating condition, sensor alignment, or data-quality integrity.",True,False,False,retained
pairwise_abs_diff_max,P1_Stage5,Engineered Interaction/Difference,Derived parameter/flag: pairwise_abs_diff_max,"Captures physical operating condition, sensor alignment, or data-quality integrity.",True,False,False,retained
Apparent_Power_kVA,P1_Stage5,Engineered Interaction/Difference,Derived parameter/flag: Apparent_Power_kVA,"Captures physical operating condition, sensor alignment, or data-quality integrity.",True,False,False,retained
Thermal_Loading_Index,P1_Stage5,Engineered Interaction/Difference,Derived parameter/flag: Thermal_Loading_Index,"Captures physical operating condition, sensor alignment, or data-quality integrity.",True,False,False,retained
Apparent_Impedance_Proxy,P1_Stage5,Engineered Interaction/Difference,Derived parameter/flag: Apparent_Impedance_Proxy,"Captures physical operating condition, sensor alignment, or data-quality integrity.",True,False,False,retained
Sensor_S1_Expected,P1_Stage5,Engineered Interaction/Difference,Derived parameter/flag: Sensor_S1_Expected,"Captures physical operating condition, sensor alignment, or data-quality integrity.",True,False,False,retained
Sensor_S1_Residual,P1_Stage4,Sensor Residual,Derived parameter/flag: Sensor_S1_Residual,"Captures physical operating condition, sensor alignment, or data-quality integrity.",True,False,False,retained
Sensor_S1_AbsResidual,P1_Stage4,Sensor Residual,Derived parameter/flag: Sensor_S1_AbsResidual,"Captures physical operating condition, sensor alignment, or data-quality integrity.",True,False,False,retained
Sensor_S2_Expected,P1_Stage5,Engineered Interaction/Difference,Derived parameter/flag: Sensor_S2_Expected,"Captures physical operating condition, sensor alignment, or data-quality integrity.",True,False,False,retained
Sensor_S2_Residual,P1_Stage4,Sensor Residual,Derived parameter/flag: Sensor_S2_Residual,"Captures physical operating condition, sensor alignment, or data-quality integrity.",True,False,False,retained
Sensor_S2_AbsResidual,P1_Stage4,Sensor Residual,Derived parameter/flag: Sensor_S2_AbsResidual,"Captures physical operating condition, sensor alignment, or data-quality integrity.",True,False,False,retained
Sensor_S3_Expected,P1_Stage5,Engineered Interaction/Difference,Derived parameter/flag: Sensor_S3_Expected,"Captures physical operating condition, sensor alignment, or data-quality integrity.",True,False,False,retained
Sensor_S3_Residual,P1_Stage4,Sensor Residual,Derived parameter/flag: Sensor_S3_Residual,"Captures physical operating condition, sensor alignment, or data-quality integrity.",True,False,False,retained
Sensor_S3_AbsResidual,P1_Stage4,Sensor Residual,Derived parameter/flag: Sensor_S3_AbsResidual,"Captures physical operating condition, sensor alignment, or data-quality integrity.",True,False,False,retained
Sensor_S4_Expected,P1_Stage5,Engineered Interaction/Difference,Derived parameter/flag: Sensor_S4_Expected,"Captures physical operating condition, sensor alignment, or data-quality integrity.",True,False,False,retained
Sensor_S4_Residual,P1_Stage4,Sensor Residual,Derived parameter/flag: Sensor_S4_Residual,"Captures physical operating condition, sensor alignment, or data-quality integrity.",True,False,False,retained
Sensor_S4_AbsResidual,P1_Stage4,Sensor Residual,Derived parameter/flag: Sensor_S4_AbsResidual,"Captures physical operating condition, sensor alignment, or data-quality integrity.",True,False,False,retained
p1_max_abs_residual,P1_Stage4,Sensor Residual,Derived parameter/flag: p1_max_abs_residual,"Captures physical operating condition, sensor alignment, or data-quality integrity.",True,False,False,retained
p1_mean_abs_residual,P1_Stage4,Sensor Residual,Derived parameter/flag: p1_mean_abs_residual,"Captures physical operating condition, sensor alignment, or data-quality integrity.",True,False,False,retained
p1_residual_error,P1_Stage4,Sensor Residual,Derived parameter/flag: p1_residual_error,"Captures physical operating condition, sensor alignment, or data-quality integrity.",True,False,False,retained
p1_consistency_index,P1_Stage4,Sensor Residual,Derived parameter/flag: p1_consistency_index,"Captures physical operating condition, sensor alignment, or data-quality integrity.",True,False,False,retained
p1_sensor_disagreement_index,P1_Stage4,Sensor Residual,Derived parameter/flag: p1_sensor_disagreement_index,"Captures physical operating condition, sensor alignment, or data-quality integrity.",True,False,False,retained
p1_regime_cluster,P1_Stage4,Sensor Residual,Derived parameter/flag: p1_regime_cluster,"Captures physical operating condition, sensor alignment, or data-quality integrity.",True,False,False,retained
