Test_ID,Actual_Validity,Actual_Binary,Predicted_Validity,Predicted_Binary,Probability_Invalid,Fold
TRN-0889,Valid,0,Valid,0,0.04,5
TRN-0820,Valid,0,Valid,0,0.01,3
TRN-0411,Valid,0,Valid,0,0.05,4
TRN-0754,Valid,0,Valid,0,0.07,5
TRN-0707,Valid,0,Valid,0,0.1,1
TRN-0140,Valid,0,Valid,0,0.32,1
TRN-0881,Valid,0,Valid,0,0.06,4
TRN-0381,Valid,0,Valid,0,0.06,3
TRN-0095,Valid,0,Valid,0,0.02,5
TRN-0135,Invalid,1,Invalid,1,0.68,1
TRN-0633,Valid,0,Valid,0,0.09,3
TRN-0138,Valid,0,Valid,0,0.06,5
TRN-0591,Valid,0,Valid,0,0.18,3
TRN-0262,Valid,0,Valid,0,0.16,2
TRN-0729,Valid,0,Valid,0,0.11,4
TRN-0307,Valid,0,Valid,0,0.19,3
TRN-0091,Valid,0,Valid,0,0.05,5
TRN-0542,Valid,0,Valid,0,0.21,1
TRN-0937,Valid,0,Valid,0,0.18,3
TRN-0092,Valid,0,Valid,0,0.17,5
TRN-0268,Valid,0,Valid,0,0.26,1
TRN-0782,Valid,0,Valid,0,0.03,4
TRN-0919,Valid,0,Valid,0,0.01,3
TRN-0053,Valid,0,Valid,0,0.07,1
TRN-0408,Valid,0,Valid,0,0.12,2
TRN-0501,Valid,0,Valid,0,0.06,5
TRN-0311,Valid,0,Valid,0,0.01,1
TRN-0562,Valid,0,Valid,0,0.04,4
TRN-0126,Valid,0,Valid,0,0.02,3
TRN-0676,Valid,0,Valid,0,0.05,3
TRN-0360,Valid,0,Valid,0,0.11,2
TRN-0367,Valid,0,Valid,0,0.06,3
TRN-0405,Valid,0,Valid,0,0.29,5
TRN-0868,Valid,0,Valid,0,0.04,4
TRN-0020,Valid,0,Valid,0,0.2,5
TRN-0316,Valid,0,Valid,0,0.08,4
TRN-0067,Valid,0,Valid,0,0.08,5
TRN-0317,Valid,0,Valid,0,0.06,5
TRN-0087,Invalid,1,Invalid,1,0.83,3
TRN-0801,Valid,0,Valid,0,0.1,3
TRN-0012,Valid,0,Valid,0,0.05,2
TRN-0578,Valid,0,Valid,0,0.05,1
TRN-0859,Valid,0,Valid,0,0.33,1
TRN-0533,Invalid,1,Invalid,1,0.86,2
TRN-0967,Valid,0,Valid,0,0.07,2
TRN-0788,Valid,0,Valid,0,0.22,1
TRN-0700,Valid,0,Valid,0,0.07,2
TRN-0151,Valid,0,Valid,0,0.06,2
TRN-0236,Valid,0,Valid,0,0.06,2
TRN-0130,Valid,0,Valid,0,0.16,1
TRN-0558,Valid,0,Valid,0,0.17,3
TRN-0335,Valid,0,Valid,0,0.06,3
TRN-0747,Valid,0,Valid,0,0.21,4
TRN-0065,Valid,0,Valid,0,0.17,2
TRN-0257,Valid,0,Valid,0,0.16,1
TRN-0443,Valid,0,Valid,0,0.08,4
TRN-0507,Valid,0,Valid,0,0.05,2
TRN-0943,Valid,0,Valid,0,0.04,2
TRN-0438,Valid,0,Valid,0,0.09,1
TRN-0323,Invalid,1,Invalid,1,0.67,2
TRN-0541,Valid,0,Valid,0,0.02,4
TRN-0513,Valid,0,Valid,0,0.39,3
TRN-0830,Valid,0,Valid,0,0.28,4
TRN-0124,Invalid,1,Invalid,1,0.82,5
TRN-0434,Valid,0,Valid,0,0.23,3
TRN-0742,Valid,0,Valid,0,0.05,2
TRN-0351,Valid,0,Valid,0,0.07,4
TRN-0736,Valid,0,Valid,0,0.07,2
TRN-0518,Invalid,1,Valid,0,0.23,5
TRN-0097,Invalid,1,Invalid,1,0.61,4
TRN-0220,Valid,0,Valid,0,0.11,2
TRN-0713,Valid,0,Valid,0,0.26,4
TRN-0890,Valid,0,Valid,0,0.06,1
TRN-0531,Valid,0,Valid,0,0.09,4
TRN-0369,Valid,0,Valid,0,0.08,2
TRN-0781,Valid,0,Valid,0,0.04,5
TRN-0928,Valid,0,Valid,0,0.05,2
TRN-0194,Valid,0,Valid,0,0.21,2
TRN-0743,Invalid,1,Invalid,1,1.0,5
TRN-0294,Valid,0,Valid,0,0.05,1
TRN-0304,Invalid,1,Valid,0,0.43,3
TRN-0382,Valid,0,Valid,0,0.06,4
TRN-0417,Valid,0,Valid,0,0.09,5
TRN-0297,Valid,0,Valid,0,0.13,2
TRN-0622,Invalid,1,Valid,0,0.47,3
TRN-0563,Valid,0,Valid,0,0.04,2
TRN-0920,Valid,0,Valid,0,0.38,4
TRN-0568,Valid,0,Valid,0,0.11,3
TRN-0227,Valid,0,Valid,0,0.13,2
TRN-0581,Valid,0,Valid,0,0.12,3
TRN-0320,Valid,0,Valid,0,0.28,2
TRN-0167,Invalid,1,Valid,0,0.35,3
TRN-0450,Valid,0,Valid,0,0.07,5
TRN-0287,Valid,0,Valid,0,0.22,1
TRN-0650,Valid,0,Valid,0,0.06,5
TRN-0901,Valid,0,Valid,0,0.09,2
TRN-0031,Valid,0,Valid,0,0.16,2
TRN-0199,Valid,0,Valid,0,0.08,1
TRN-0630,Valid,0,Valid,0,0.02,4
TRN-0605,Valid,0,Valid,0,0.06,4
TRN-0704,Invalid,1,Valid,0,0.35,4
TRN-0614,Valid,0,Valid,0,0.06,1
TRN-0315,Valid,0,Valid,0,0.05,4
TRN-0018,Invalid,1,Valid,0,0.35,4
TRN-0669,Valid,0,Valid,0,0.02,3
TRN-0168,Invalid,1,Invalid,1,0.93,5
TRN-0397,Valid,0,Valid,0,0.0,3
TRN-0324,Valid,0,Valid,0,0.33,5
TRN-0154,Invalid,1,Invalid,1,1.0,2
TRN-0666,Valid,0,Valid,0,0.09,4
TRN-0826,Valid,0,Valid,0,0.02,3
TRN-0131,Valid,0,Valid,0,0.02,2
TRN-0206,Valid,0,Valid,0,0.05,5
TRN-0641,Valid,0,Valid,0,0.07,2
TRN-0478,Valid,0,Valid,0,0.04,2
TRN-0026,Valid,0,Valid,0,0.02,1
TRN-0363,Valid,0,Valid,0,0.03,5
TRN-0430,Valid,0,Valid,0,0.07,5
TRN-0936,Valid,0,Valid,0,0.2,3
TRN-0129,Valid,0,Valid,0,0.33,2
TRN-0688,Valid,0,Valid,0,0.07,5
TRN-0157,Valid,0,Valid,0,0.08,5
TRN-0422,Valid,0,Valid,0,0.11,2
TRN-0561,Invalid,1,Valid,0,0.28,2
TRN-0281,Valid,0,Valid,0,0.0,3
TRN-0108,Invalid,1,Valid,0,0.36,2
TRN-0332,Valid,0,Valid,0,0.16,1
TRN-0185,Invalid,1,Invalid,1,1.0,2
TRN-0746,Valid,0,Valid,0,0.03,1
TRN-0656,Valid,0,Valid,0,0.05,4
TRN-0270,Valid,0,Valid,0,0.02,2
TRN-0462,Valid,0,Valid,0,0.11,2
TRN-0245,Valid,0,Valid,0,0.08,5
TRN-0986,Valid,0,Valid,0,0.12,1
TRN-0905,Valid,0,Valid,0,0.07,4
TRN-0355,Valid,0,Valid,0,0.08,3
TRN-0684,Valid,0,Valid,0,0.01,2
TRN-0433,Valid,0,Valid,0,0.06,1
TRN-0205,Valid,0,Valid,0,0.11,1
TRN-0806,Valid,0,Valid,0,0.11,1
TRN-0177,Valid,0,Valid,0,0.04,2
TRN-0744,Valid,0,Valid,0,0.23,4
TRN-0295,Valid,0,Valid,0,0.08,1
TRN-0948,Valid,0,Valid,0,0.18,3
TRN-0844,Valid,0,Valid,0,0.07,4
TRN-0035,Valid,0,Valid,0,0.02,3
TRN-0971,Valid,0,Valid,0,0.2,2
TRN-0455,Valid,0,Valid,0,0.04,3
TRN-0792,Valid,0,Valid,0,0.05,5
TRN-0662,Valid,0,Valid,0,0.01,3
TRN-0266,Valid,0,Valid,0,0.04,5
TRN-0326,Valid,0,Valid,0,0.13,1
TRN-0173,Valid,0,Valid,0,0.03,1
TRN-0473,Valid,0,Valid,0,0.03,3
TRN-0759,Valid,0,Valid,0,0.02,4
TRN-0090,Valid,0,Valid,0,0.03,2
TRN-0346,Invalid,1,Invalid,1,1.0,3
TRN-0250,Valid,0,Valid,0,0.16,1
TRN-0585,Valid,0,Valid,0,0.06,4
TRN-0057,Valid,0,Valid,0,0.02,5
TRN-0187,Valid,0,Valid,0,0.11,4
TRN-0557,Invalid,1,Valid,0,0.46,4
TRN-0098,Valid,0,Valid,0,0.15,3
TRN-0734,Invalid,1,Valid,0,0.18,4
TRN-0718,Invalid,1,Valid,0,0.21,4
TRN-0389,Valid,0,Valid,0,0.1,4
TRN-0680,Valid,0,Valid,0,0.04,1
TRN-0709,Valid,0,Valid,0,0.35,1
TRN-0406,Invalid,1,Valid,0,0.45,3
TRN-0496,Valid,0,Valid,0,0.08,4
TRN-0500,Valid,0,Valid,0,0.01,3
TRN-0238,Valid,0,Valid,0,0.03,3
TRN-0494,Valid,0,Valid,0,0.12,3
TRN-0597,Valid,0,Valid,0,0.01,1
TRN-0749,Valid,0,Valid,0,0.04,3
TRN-0973,Valid,0,Valid,0,0.07,2
TRN-0995,Valid,0,Valid,0,0.19,1
TRN-0420,Valid,0,Valid,0,0.14,3
TRN-0621,Valid,0,Valid,0,0.15,3
TRN-0128,Valid,0,Valid,0,0.22,2
TRN-0436,Valid,0,Valid,0,0.17,2
TRN-0733,Valid,0,Valid,0,0.01,5
TRN-0451,Valid,0,Valid,0,0.01,1
TRN-0061,Valid,0,Valid,0,0.12,2
TRN-0051,Valid,0,Valid,0,0.18,2
TRN-0093,Valid,0,Valid,0,0.33,4
TRN-0457,Valid,0,Valid,0,0.06,4
TRN-0939,Valid,0,Valid,0,0.08,5
TRN-0872,Invalid,1,Invalid,1,0.62,4
TRN-0652,Invalid,1,Invalid,1,0.58,5
TRN-0084,Valid,0,Valid,0,0.04,4
TRN-0461,Valid,0,Valid,0,0.09,5
TRN-0615,Valid,0,Valid,0,0.04,5
TRN-0828,Valid,0,Valid,0,0.29,5
TRN-0082,Valid,0,Valid,0,0.06,5
TRN-0969,Valid,0,Valid,0,0.33,4
TRN-0675,Valid,0,Valid,0,0.01,5
TRN-0458,Invalid,1,Invalid,1,0.79,2
TRN-0190,Valid,0,Valid,0,0.04,4
TRN-0202,Invalid,1,Invalid,1,0.58,4
TRN-0068,Valid,0,Valid,0,0.07,5
TRN-0214,Valid,0,Valid,0,0.16,5
TRN-0477,Valid,0,Valid,0,0.05,4
TRN-0394,Valid,0,Valid,0,0.08,3
TRN-0530,Valid,0,Valid,0,0.17,1
TRN-0037,Valid,0,Valid,0,0.37,3
TRN-0267,Invalid,1,Invalid,1,1.0,3
TRN-0440,Valid,0,Valid,0,0.06,1
TRN-0697,Valid,0,Valid,0,0.03,3
TRN-0974,Valid,0,Valid,0,0.1,1
TRN-0869,Valid,0,Valid,0,0.05,5
TRN-0025,Invalid,1,Valid,0,0.28,2
TRN-0523,Invalid,1,Invalid,1,0.58,2
TRN-0172,Valid,0,Valid,0,0.03,3
TRN-0723,Valid,0,Valid,0,0.04,3
TRN-0041,Valid,0,Valid,0,0.02,2
TRN-0958,Valid,0,Valid,0,0.07,5
TRN-0364,Valid,0,Valid,0,0.01,1
TRN-0553,Valid,0,Valid,0,0.05,3
TRN-0253,Valid,0,Valid,0,0.11,5
TRN-0566,Valid,0,Valid,0,0.04,2
TRN-0777,Valid,0,Valid,0,0.13,5
TRN-0485,Valid,0,Valid,0,0.05,2
TRN-0076,Invalid,1,Valid,0,0.29,4
TRN-0234,Valid,0,Valid,0,0.06,3
TRN-0176,Valid,0,Valid,0,0.07,5
TRN-0931,Valid,0,Valid,0,0.1,4
TRN-0945,Invalid,1,Invalid,1,0.98,5
TRN-0715,Valid,0,Valid,0,0.01,5
TRN-0103,Valid,0,Valid,0,0.03,2
TRN-0522,Valid,0,Valid,0,0.19,5
TRN-0612,Valid,0,Valid,0,0.25,5
TRN-0706,Valid,0,Valid,0,0.0,3
TRN-0409,Valid,0,Valid,0,0.13,2
TRN-0741,Valid,0,Valid,0,0.05,4
TRN-0162,Valid,0,Valid,0,0.19,5
TRN-0980,Valid,0,Valid,0,0.07,1
TRN-0072,Valid,0,Valid,0,0.15,1
TRN-0670,Valid,0,Valid,0,0.09,5
TRN-0884,Valid,0,Valid,0,0.03,5
TRN-0765,Invalid,1,Invalid,1,0.74,5
TRN-0208,Valid,0,Valid,0,0.07,2
TRN-0116,Valid,0,Valid,0,0.02,3
TRN-0807,Valid,0,Valid,0,0.03,5
TRN-0515,Valid,0,Valid,0,0.12,3
TRN-0771,Valid,0,Valid,0,0.0,4
TRN-0252,Valid,0,Valid,0,0.09,1
TRN-0762,Valid,0,Valid,0,0.08,3
TRN-0722,Valid,0,Valid,0,0.05,1
TRN-0309,Valid,0,Valid,0,0.06,4
TRN-0454,Valid,0,Valid,0,0.14,1
TRN-0312,Valid,0,Valid,0,0.07,5
TRN-0191,Valid,0,Valid,0,0.03,4
TRN-0913,Valid,0,Valid,0,0.03,4
TRN-0426,Valid,0,Valid,0,0.08,2
TRN-0286,Valid,0,Valid,0,0.03,3
TRN-0400,Valid,0,Valid,0,0.14,2
TRN-0498,Valid,0,Valid,0,0.21,4
TRN-0379,Valid,0,Valid,0,0.15,3
TRN-0120,Invalid,1,Invalid,1,0.74,1
TRN-0062,Valid,0,Valid,0,0.05,3
TRN-0216,Valid,0,Valid,0,0.03,2
TRN-0246,Valid,0,Valid,0,0.12,3
TRN-0303,Valid,0,Valid,0,0.03,1
TRN-0213,Valid,0,Valid,0,0.17,2
TRN-0156,Valid,0,Valid,0,0.02,2
TRN-0703,Valid,0,Valid,0,0.06,4
TRN-0702,Valid,0,Valid,0,0.22,3
TRN-0784,Valid,0,Valid,0,0.28,2
TRN-0929,Invalid,1,Valid,0,0.19,1
TRN-0997,Valid,0,Valid,0,0.06,3
TRN-0368,Valid,0,Valid,0,0.01,2
TRN-0015,Valid,0,Valid,0,0.06,3
TRN-0342,Valid,0,Valid,0,0.0,4
TRN-0435,Valid,0,Valid,0,0.17,4
TRN-0219,Valid,0,Valid,0,0.11,3
TRN-0863,Valid,0,Valid,0,0.09,4
TRN-0217,Invalid,1,Valid,0,0.16,2
TRN-0791,Valid,0,Valid,0,0.12,2
TRN-0993,Valid,0,Invalid,1,0.67,5
TRN-0481,Valid,0,Valid,0,0.13,1
TRN-0237,Valid,0,Valid,0,0.08,5
TRN-0424,Valid,0,Valid,0,0.11,2
TRN-0224,Valid,0,Valid,0,0.09,5
TRN-0024,Valid,0,Valid,0,0.36,3
TRN-0761,Valid,0,Valid,0,0.06,3
TRN-0551,Invalid,1,Invalid,1,0.8,3
TRN-0768,Invalid,1,Invalid,1,0.51,3
TRN-0109,Valid,0,Valid,0,0.16,1
TRN-0873,Valid,0,Valid,0,0.02,5
TRN-0589,Invalid,1,Invalid,1,1.0,1
TRN-0203,Invalid,1,Valid,0,0.46,5
TRN-0963,Valid,0,Valid,0,0.14,1
TRN-0445,Valid,0,Valid,0,0.12,2
TRN-0935,Invalid,1,Valid,0,0.09,2
TRN-0415,Valid,0,Valid,0,0.09,1
TRN-0209,Invalid,1,Invalid,1,1.0,3
TRN-0544,Valid,0,Valid,0,0.06,1
TRN-0111,Valid,0,Valid,0,0.12,3
TRN-0526,Valid,0,Valid,0,0.1,3
TRN-0940,Valid,0,Valid,0,0.12,1
TRN-0838,Valid,0,Valid,0,0.2,1
TRN-0708,Valid,0,Valid,0,0.03,1
TRN-0075,Valid,0,Valid,0,0.11,5
TRN-0321,Invalid,1,Invalid,1,0.73,1
TRN-0867,Valid,0,Valid,0,0.17,2
TRN-0416,Valid,0,Valid,0,0.27,2
TRN-0188,Valid,0,Valid,0,0.2,5
TRN-0050,Valid,0,Valid,0,0.07,3
TRN-0150,Valid,0,Valid,0,0.11,1
TRN-0142,Valid,0,Valid,0,0.01,1
TRN-0133,Valid,0,Valid,0,0.18,1
TRN-0906,Valid,0,Valid,0,0.02,5
TRN-0894,Valid,0,Valid,0,0.1,2
TRN-0944,Invalid,1,Valid,0,0.32,4
TRN-0030,Valid,0,Valid,0,0.02,1
TRN-0302,Valid,0,Valid,0,0.16,4
TRN-0623,Invalid,1,Invalid,1,0.98,2
TRN-0230,Valid,0,Valid,0,0.07,4
TRN-0060,Valid,0,Valid,0,0.18,3
TRN-0546,Valid,0,Valid,0,0.06,1
TRN-0210,Valid,0,Valid,0,0.06,2
TRN-0893,Valid,0,Valid,0,0.09,2
TRN-0797,Invalid,1,Invalid,1,0.9,4
TRN-0482,Valid,0,Valid,0,0.06,5
TRN-0469,Valid,0,Valid,0,0.16,3
TRN-0078,Valid,0,Valid,0,0.26,1
TRN-0240,Valid,0,Valid,0,0.03,3
TRN-0787,Valid,0,Valid,0,0.04,4
TRN-0658,Valid,0,Valid,0,0.14,3
TRN-0243,Valid,0,Valid,0,0.09,1
TRN-0506,Valid,0,Valid,0,0.02,4
TRN-0732,Valid,0,Valid,0,0.2,1
TRN-0489,Valid,0,Valid,0,0.05,4
TRN-0842,Valid,0,Valid,0,0.08,1
TRN-0988,Valid,0,Valid,0,0.15,5
TRN-0721,Valid,0,Valid,0,0.18,3
TRN-0646,Invalid,1,Valid,0,0.28,4
TRN-0681,Valid,0,Valid,0,0.07,3
TRN-0137,Invalid,1,Valid,0,0.2,3
TRN-0474,Valid,0,Valid,0,0.05,1
TRN-0793,Invalid,1,Valid,0,0.37,4
TRN-0300,Valid,0,Valid,0,0.11,4
TRN-0096,Valid,0,Valid,0,0.07,3
TRN-0399,Valid,0,Valid,0,0.19,5
TRN-0392,Valid,0,Valid,0,0.02,1
TRN-0922,Valid,0,Valid,0,0.15,3
TRN-0674,Valid,0,Valid,0,0.19,5
TRN-0805,Invalid,1,Invalid,1,1.0,3
TRN-0849,Valid,0,Valid,0,0.06,4
TRN-0720,Valid,0,Valid,0,0.1,2
TRN-0244,Valid,0,Valid,0,0.05,3
TRN-0584,Valid,0,Valid,0,0.05,4
TRN-0393,Valid,0,Valid,0,0.06,3
TRN-0046,Valid,0,Valid,0,0.0,3
TRN-0055,Valid,0,Valid,0,0.15,1
TRN-0040,Invalid,1,Valid,0,0.32,5
TRN-0604,Invalid,1,Invalid,1,0.52,2
TRN-0383,Valid,0,Valid,0,0.31,4
TRN-0631,Invalid,1,Invalid,1,0.78,2
TRN-0596,Valid,0,Valid,0,0.12,3
TRN-0954,Valid,0,Valid,0,0.07,1
TRN-0069,Invalid,1,Invalid,1,0.83,3
TRN-0195,Valid,0,Valid,0,0.03,1
TRN-0104,Valid,0,Valid,0,0.06,2
TRN-0751,Valid,0,Valid,0,0.05,2
TRN-0537,Valid,0,Valid,0,0.04,2
TRN-0348,Valid,0,Valid,0,0.08,3
TRN-0730,Valid,0,Valid,0,0.23,5
TRN-0961,Valid,0,Valid,0,0.07,2
TRN-0818,Valid,0,Valid,0,0.13,3
TRN-0794,Valid,0,Valid,0,0.08,4
TRN-0488,Valid,0,Valid,0,0.08,2
TRN-0577,Valid,0,Valid,0,0.12,3
TRN-0388,Valid,0,Valid,0,0.02,4
TRN-0490,Invalid,1,Valid,0,0.48,3
TRN-0774,Valid,0,Valid,0,0.03,3
TRN-0590,Valid,0,Valid,0,0.16,5
TRN-0968,Invalid,1,Invalid,1,0.65,5
TRN-0601,Valid,0,Valid,0,0.0,3
TRN-0694,Valid,0,Valid,0,0.01,4
TRN-0996,Valid,0,Valid,0,0.12,2
TRN-0550,Valid,0,Valid,0,0.08,4
TRN-0362,Valid,0,Valid,0,0.02,4
TRN-0403,Valid,0,Valid,0,0.02,1
TRN-0895,Valid,0,Valid,0,0.11,2
TRN-0710,Valid,0,Valid,0,0.17,5
TRN-0081,Invalid,1,Invalid,1,0.93,5
TRN-0505,Valid,0,Valid,0,0.12,5
TRN-0671,Valid,0,Valid,0,0.22,1
TRN-0923,Valid,0,Valid,0,0.04,1
TRN-0456,Valid,0,Valid,0,0.07,5
TRN-0864,Valid,0,Valid,0,0.09,3
TRN-0728,Valid,0,Valid,0,0.15,1
TRN-0795,Valid,0,Valid,0,0.1,1
TRN-0339,Valid,0,Valid,0,0.02,4
TRN-0755,Invalid,1,Invalid,1,0.62,1
TRN-0926,Valid,0,Valid,0,0.03,1
TRN-0340,Valid,0,Valid,0,0.07,4
TRN-0624,Valid,0,Valid,0,0.05,1
TRN-0985,Valid,0,Valid,0,0.33,2
TRN-0860,Valid,0,Valid,0,0.23,5
TRN-0560,Valid,0,Valid,0,0.2,5
TRN-0811,Valid,0,Valid,0,0.25,5
TRN-0395,Valid,0,Valid,0,0.01,4
TRN-0839,Invalid,1,Invalid,1,0.7,5
TRN-0779,Valid,0,Valid,0,0.11,4
TRN-0543,Valid,0,Valid,0,0.3,1
TRN-0158,Valid,0,Valid,0,0.0,1
TRN-0799,Valid,0,Valid,0,0.05,4
TRN-0946,Valid,0,Valid,0,0.14,1
TRN-0927,Invalid,1,Invalid,1,0.99,1
TRN-0952,Valid,0,Valid,0,0.14,1
TRN-0608,Valid,0,Valid,0,0.08,2
TRN-0212,Valid,0,Valid,0,0.05,1
TRN-0480,Valid,0,Valid,0,0.01,5
TRN-0904,Valid,0,Valid,0,0.09,4
TRN-0607,Valid,0,Valid,0,0.17,4
TRN-0855,Valid,0,Valid,0,0.11,3
TRN-0879,Valid,0,Valid,0,0.06,2
TRN-0667,Valid,0,Valid,0,0.44,4
TRN-0232,Valid,0,Valid,0,0.09,4
TRN-0299,Valid,0,Valid,0,0.05,2
TRN-0629,Valid,0,Valid,0,0.02,4
TRN-0858,Valid,0,Valid,0,0.07,4
TRN-0994,Valid,0,Valid,0,0.06,4
TRN-0306,Valid,0,Valid,0,0.09,2
TRN-0654,Valid,0,Valid,0,0.11,5
TRN-0917,Valid,0,Valid,0,0.03,2
TRN-0231,Valid,0,Valid,0,0.1,4
TRN-0460,Valid,0,Valid,0,0.01,1
TRN-0492,Valid,0,Valid,0,0.09,1
TRN-0825,Valid,0,Valid,0,0.03,3
TRN-0279,Valid,0,Valid,0,0.05,2
TRN-0580,Valid,0,Valid,0,0.03,3
TRN-0992,Valid,0,Valid,0,0.08,4
TRN-0934,Valid,0,Valid,0,0.04,5
TRN-0639,Valid,0,Valid,0,0.08,2
TRN-0925,Valid,0,Valid,0,0.38,3
TRN-0248,Valid,0,Valid,0,0.09,4
TRN-0603,Valid,0,Valid,0,0.12,5
TRN-0331,Valid,0,Valid,0,0.01,2
TRN-0880,Valid,0,Valid,0,0.03,4
TRN-0957,Valid,0,Valid,0,0.08,1
TRN-0049,Invalid,1,Invalid,1,1.0,1
TRN-0672,Valid,0,Valid,0,0.04,2
TRN-0149,Valid,0,Valid,0,0.15,1
TRN-0043,Invalid,1,Invalid,1,1.0,4
TRN-0475,Valid,0,Valid,0,0.18,3
TRN-0094,Valid,0,Valid,0,0.13,2
TRN-0699,Valid,0,Valid,0,0.05,4
TRN-0429,Valid,0,Valid,0,0.17,5
TRN-0222,Valid,0,Valid,0,0.09,5
TRN-0942,Invalid,1,Valid,0,0.18,4
TRN-0606,Valid,0,Valid,0,0.09,3
TRN-0657,Valid,0,Valid,0,0.02,2
TRN-0465,Valid,0,Valid,0,0.03,5
TRN-0197,Valid,0,Valid,0,0.15,2
TRN-0824,Valid,0,Valid,0,0.05,2
TRN-0564,Valid,0,Valid,0,0.09,1
TRN-0359,Valid,0,Valid,0,0.05,4
TRN-0005,Invalid,1,Invalid,1,0.68,3
TRN-0682,Invalid,1,Invalid,1,0.72,2
TRN-0011,Valid,0,Valid,0,0.01,3
TRN-0753,Valid,0,Valid,0,0.05,4
TRN-0610,Valid,0,Valid,0,0.16,2
TRN-0752,Valid,0,Valid,0,0.18,2
TRN-0472,Valid,0,Valid,0,0.01,5
TRN-0625,Valid,0,Valid,0,0.11,3
TRN-0516,Valid,0,Valid,0,0.02,1
TRN-0192,Valid,0,Valid,0,0.12,1
TRN-0593,Valid,0,Valid,0,0.08,4
TRN-0989,Valid,0,Valid,0,0.11,4
TRN-0345,Valid,0,Valid,0,0.02,2
TRN-0972,Valid,0,Valid,0,0.08,1
TRN-0611,Valid,0,Valid,0,0.01,4
TRN-0387,Valid,0,Valid,0,0.09,2
TRN-0739,Valid,0,Valid,0,0.26,2
TRN-0385,Invalid,1,Invalid,1,0.6,4
TRN-0750,Invalid,1,Invalid,1,0.73,2
TRN-0903,Valid,0,Valid,0,0.03,4
TRN-0738,Valid,0,Valid,0,0.01,5
TRN-0282,Valid,0,Valid,0,0.19,2
TRN-0291,Invalid,1,Invalid,1,0.81,5
TRN-0778,Valid,0,Valid,0,0.02,1
TRN-0484,Valid,0,Valid,0,0.0,5
TRN-0466,Valid,0,Valid,0,0.06,1
TRN-0164,Valid,0,Valid,0,0.06,1
TRN-0643,Valid,0,Valid,0,0.12,5
TRN-0822,Valid,0,Valid,0,0.0,2
TRN-0981,Valid,0,Valid,0,0.1,2
TRN-0908,Valid,0,Valid,0,0.3,1
TRN-0619,Valid,0,Valid,0,0.01,5
TRN-0725,Valid,0,Valid,0,0.29,5
TRN-0027,Valid,0,Valid,0,0.06,5
TRN-0977,Valid,0,Valid,0,0.09,3
TRN-0846,Valid,0,Valid,0,0.04,3
TRN-0802,Invalid,1,Invalid,1,0.52,1
TRN-0613,Valid,0,Valid,0,0.07,1
TRN-0375,Valid,0,Valid,0,0.06,2
TRN-0567,Valid,0,Valid,0,0.21,4
TRN-0661,Valid,0,Valid,0,0.05,1
TRN-0861,Valid,0,Valid,0,0.25,2
TRN-0638,Valid,0,Valid,0,0.07,4
TRN-0514,Valid,0,Valid,0,0.07,3
TRN-0259,Valid,0,Valid,0,0.05,5
TRN-0933,Invalid,1,Invalid,1,0.77,3
TRN-0785,Valid,0,Valid,0,0.07,2
TRN-0571,Valid,0,Valid,0,0.04,2
TRN-0101,Valid,0,Valid,0,0.1,4
TRN-0308,Valid,0,Valid,0,0.05,1
TRN-0447,Valid,0,Valid,0,0.0,4
TRN-0354,Valid,0,Valid,0,0.07,4
TRN-0719,Valid,0,Valid,0,0.12,5
TRN-0517,Valid,0,Valid,0,0.07,4
TRN-0956,Valid,0,Valid,0,0.06,3
TRN-0200,Valid,0,Valid,0,0.16,2
TRN-0463,Invalid,1,Invalid,1,0.75,1
TRN-0356,Valid,0,Valid,0,0.05,4
TRN-0464,Valid,0,Valid,0,0.27,2
TRN-0052,Valid,0,Valid,0,0.12,3
TRN-0737,Invalid,1,Valid,0,0.45,3
TRN-0549,Valid,0,Valid,0,0.03,2
TRN-0431,Valid,0,Valid,0,0.06,5
TRN-0565,Valid,0,Valid,0,0.02,1
TRN-0660,Valid,0,Valid,0,0.07,3
TRN-0834,Valid,0,Valid,0,0.21,3
TRN-0887,Valid,0,Valid,0,0.1,5
TRN-0336,Valid,0,Valid,0,0.02,2
TRN-0023,Valid,0,Valid,0,0.17,2
TRN-0305,Invalid,1,Invalid,1,0.76,3
TRN-0536,Valid,0,Valid,0,0.02,5
TRN-0261,Valid,0,Valid,0,0.29,5
TRN-0271,Valid,0,Valid,0,0.04,1
TRN-0827,Valid,0,Valid,0,0.02,1
TRN-0148,Invalid,1,Valid,0,0.14,1
TRN-0916,Valid,0,Valid,0,0.04,4
TRN-0691,Valid,0,Valid,0,0.04,4
TRN-0915,Valid,0,Valid,0,0.02,1
TRN-0497,Valid,0,Valid,0,0.04,3
TRN-0178,Valid,0,Valid,0,0.02,4
TRN-0327,Valid,0,Valid,0,0.05,5
TRN-0856,Invalid,1,Invalid,1,0.67,3
TRN-0343,Valid,0,Valid,0,0.15,4
TRN-0198,Valid,0,Valid,0,0.07,4
TRN-0290,Invalid,1,Invalid,1,1.0,4
TRN-0711,Valid,0,Valid,0,0.16,2
TRN-0284,Valid,0,Valid,0,0.04,2
TRN-0105,Valid,0,Valid,0,0.01,3
TRN-0439,Valid,0,Valid,0,0.03,1
TRN-0602,Invalid,1,Valid,0,0.39,1
TRN-0269,Valid,0,Valid,0,0.07,5
TRN-0184,Valid,0,Valid,0,0.04,1
TRN-0288,Valid,0,Valid,0,0.25,1
TRN-0668,Valid,0,Valid,0,0.27,4
TRN-0014,Valid,0,Valid,0,0.03,5
TRN-0813,Valid,0,Valid,0,0.07,2
TRN-0636,Valid,0,Valid,0,0.07,4
TRN-0028,Valid,0,Valid,0,0.11,1
TRN-0123,Valid,0,Valid,0,0.02,2
TRN-0088,Valid,0,Valid,0,0.02,3
TRN-0714,Valid,0,Valid,0,0.04,5
TRN-0583,Valid,0,Valid,0,0.16,4
TRN-0421,Valid,0,Valid,0,0.23,2
TRN-0511,Valid,0,Valid,0,0.01,3
TRN-0449,Valid,0,Valid,0,0.18,5
TRN-0038,Valid,0,Valid,0,0.06,1
TRN-0891,Valid,0,Valid,0,0.11,3
TRN-0313,Valid,0,Valid,0,0.13,3
TRN-0255,Valid,0,Valid,0,0.19,5
TRN-0647,Valid,0,Valid,0,0.02,1
TRN-0423,Valid,0,Valid,0,0.03,3
TRN-0398,Invalid,1,Valid,0,0.34,1
TRN-0289,Valid,0,Valid,0,0.11,3
TRN-0579,Valid,0,Valid,0,0.01,2
TRN-0275,Valid,0,Valid,0,0.05,2
TRN-0885,Valid,0,Valid,0,0.09,1
TRN-0201,Valid,0,Valid,0,0.02,1
TRN-0171,Invalid,1,Invalid,1,0.61,2
TRN-0689,Valid,0,Valid,0,0.13,5
TRN-0769,Valid,0,Valid,0,0.01,2
TRN-0575,Valid,0,Valid,0,0.1,3
TRN-0428,Valid,0,Valid,0,0.01,5
TRN-0272,Valid,0,Valid,0,0.03,1
TRN-0763,Valid,0,Valid,0,0.02,3
TRN-0727,Valid,0,Valid,0,0.06,3
TRN-0042,Valid,0,Valid,0,0.12,2
TRN-0773,Invalid,1,Invalid,1,0.77,2
TRN-0764,Valid,0,Valid,0,0.06,3
TRN-0620,Valid,0,Valid,0,0.15,1
TRN-0914,Valid,0,Valid,0,0.05,4
TRN-0982,Valid,0,Valid,0,0.08,1
TRN-0113,Valid,0,Valid,0,0.22,4
TRN-0258,Valid,0,Valid,0,0.08,1
TRN-0002,Valid,0,Valid,0,0.05,2
TRN-0283,Valid,0,Valid,0,0.12,2
TRN-0677,Valid,0,Valid,0,0.02,5
TRN-0486,Valid,0,Valid,0,0.03,4
TRN-0554,Valid,0,Valid,0,0.06,4
TRN-0341,Valid,0,Valid,0,0.13,5
TRN-0757,Valid,0,Valid,0,0.24,1
TRN-0910,Valid,0,Valid,0,0.14,2
TRN-0106,Valid,0,Valid,0,0.1,4
TRN-0712,Valid,0,Valid,0,0.03,1
TRN-0153,Valid,0,Valid,0,0.03,1
TRN-0911,Valid,0,Valid,0,0.13,2
TRN-0174,Valid,0,Valid,0,0.05,2
TRN-0798,Valid,0,Valid,0,0.07,4
TRN-0857,Invalid,1,Invalid,1,0.52,3
TRN-0912,Valid,0,Valid,0,0.04,5
TRN-0380,Valid,0,Valid,0,0.07,2
TRN-0218,Valid,0,Valid,0,0.02,1
TRN-0254,Invalid,1,Invalid,1,0.68,5
TRN-0441,Valid,0,Valid,0,0.11,4
TRN-0932,Valid,0,Valid,0,0.13,2
TRN-0509,Valid,0,Valid,0,0.13,2
TRN-0673,Valid,0,Valid,0,0.12,5
TRN-0645,Valid,0,Valid,0,0.04,4
TRN-0263,Valid,0,Valid,0,0.1,4
TRN-0071,Valid,0,Valid,0,0.12,4
TRN-0013,Valid,0,Valid,0,0.0,4
TRN-0260,Valid,0,Valid,0,0.12,3
TRN-0045,Valid,0,Valid,0,0.21,5
TRN-0504,Valid,0,Valid,0,0.08,1
TRN-0876,Valid,0,Valid,0,0.15,5
TRN-0372,Valid,0,Valid,0,0.09,1
TRN-0009,Invalid,1,Valid,0,0.41,5
TRN-0835,Valid,0,Valid,0,0.23,5
TRN-0083,Valid,0,Valid,0,0.12,1
TRN-0365,Valid,0,Valid,0,0.13,1
TRN-0695,Valid,0,Valid,0,0.32,3
TRN-0407,Valid,0,Valid,0,0.04,1
TRN-0816,Invalid,1,Valid,0,0.48,3
TRN-0545,Valid,0,Valid,0,0.02,5
TRN-0491,Valid,0,Valid,0,0.02,5
TRN-0165,Valid,0,Valid,0,0.02,3
TRN-0829,Invalid,1,Invalid,1,1.0,5
TRN-0965,Valid,0,Valid,0,0.16,5
TRN-0930,Valid,0,Valid,0,0.13,3
TRN-0949,Valid,0,Valid,0,0.07,2
TRN-0446,Valid,0,Valid,0,0.11,5
TRN-0333,Valid,0,Valid,0,0.03,2
TRN-0056,Valid,0,Valid,0,0.11,1
TRN-0221,Valid,0,Valid,0,0.06,4
TRN-0627,Valid,0,Valid,0,0.01,3
TRN-0649,Invalid,1,Invalid,1,0.78,1
TRN-0758,Valid,0,Valid,0,0.14,3
TRN-0823,Valid,0,Valid,0,0.02,2
TRN-0265,Valid,0,Valid,0,0.19,1
TRN-0508,Invalid,1,Invalid,1,0.75,2
TRN-0618,Invalid,1,Valid,0,0.37,1
TRN-0588,Valid,0,Valid,0,0.03,5
TRN-0136,Valid,0,Valid,0,0.06,3
TRN-0166,Valid,0,Valid,0,0.02,3
TRN-0410,Invalid,1,Invalid,1,0.55,2
TRN-0503,Valid,0,Valid,0,0.03,5
TRN-0587,Valid,0,Valid,0,0.04,5
TRN-0975,Valid,0,Valid,0,0.1,4
TRN-0143,Invalid,1,Invalid,1,0.51,2
TRN-0226,Valid,0,Valid,0,0.11,2
TRN-0322,Valid,0,Valid,0,0.11,5
TRN-0717,Valid,0,Valid,0,0.03,5
TRN-0921,Valid,0,Valid,0,0.15,3
TRN-0659,Valid,0,Valid,0,0.05,5
TRN-0276,Valid,0,Valid,0,0.09,5
TRN-0573,Valid,0,Valid,0,0.13,5
TRN-0877,Valid,0,Valid,0,0.12,1
TRN-0468,Invalid,1,Invalid,1,0.61,4
TRN-0181,Invalid,1,Invalid,1,0.55,2
TRN-0353,Valid,0,Valid,0,0.0,4
TRN-0147,Valid,0,Valid,0,0.05,1
TRN-0144,Valid,0,Valid,0,0.03,4
TRN-0019,Valid,0,Valid,0,0.11,4
TRN-0626,Invalid,1,Invalid,1,1.0,1
TRN-0476,Valid,0,Valid,0,0.05,4
TRN-0796,Valid,0,Valid,0,0.05,1
TRN-0870,Valid,0,Valid,0,0.08,2
TRN-0854,Valid,0,Valid,0,0.11,4
TRN-0134,Valid,0,Valid,0,0.13,1
TRN-0527,Valid,0,Valid,0,0.04,3
TRN-0770,Valid,0,Valid,0,0.01,3
TRN-0251,Valid,0,Valid,0,0.25,4
TRN-0132,Valid,0,Valid,0,0.02,1
TRN-0215,Invalid,1,Invalid,1,0.99,2
TRN-0780,Valid,0,Valid,0,0.02,1
TRN-0425,Valid,0,Valid,0,0.08,1
TRN-0273,Valid,0,Valid,0,0.0,3
TRN-0970,Valid,0,Valid,0,0.15,5
TRN-0318,Valid,0,Valid,0,0.18,2
TRN-0767,Valid,0,Valid,0,0.04,5
TRN-0437,Valid,0,Valid,0,0.14,4
TRN-0502,Valid,0,Valid,0,0.28,1
TRN-0413,Valid,0,Valid,0,0.24,5
TRN-0735,Valid,0,Valid,0,0.21,1
TRN-0249,Valid,0,Valid,0,0.01,3
TRN-0941,Valid,0,Valid,0,0.02,2
TRN-0644,Valid,0,Valid,0,0.24,2
TRN-0004,Valid,0,Valid,0,0.05,4
TRN-0102,Valid,0,Valid,0,0.03,4
TRN-0310,Valid,0,Valid,0,0.04,4
TRN-0653,Valid,0,Valid,0,0.03,4
TRN-0115,Valid,0,Valid,0,0.32,2
TRN-0772,Valid,0,Valid,0,0.13,2
TRN-0831,Valid,0,Valid,0,0.12,3
TRN-0705,Valid,0,Valid,0,0.43,1
TRN-0991,Valid,0,Valid,0,0.02,4
TRN-0862,Valid,0,Valid,0,0.19,5
TRN-0229,Valid,0,Valid,0,0.02,4
TRN-0696,Valid,0,Valid,0,0.07,3
TRN-0371,Valid,0,Valid,0,0.3,1
TRN-0819,Valid,0,Valid,0,0.19,1
TRN-0107,Valid,0,Valid,0,0.05,4
TRN-0017,Valid,0,Valid,0,0.11,5
TRN-0196,Valid,0,Valid,0,0.14,4
TRN-0548,Valid,0,Valid,0,0.19,3
TRN-0525,Valid,0,Valid,0,0.22,3
TRN-0687,Valid,0,Valid,0,0.32,2
TRN-0637,Valid,0,Valid,0,0.11,2
TRN-0790,Valid,0,Valid,0,0.1,1
TRN-0337,Valid,0,Valid,0,0.14,5
TRN-0776,Valid,0,Valid,0,0.09,4
TRN-0882,Valid,0,Valid,0,0.14,1
TRN-0235,Valid,0,Valid,0,0.04,5
TRN-0112,Valid,0,Valid,0,0.04,2
TRN-0296,Valid,0,Valid,0,0.1,4
TRN-0809,Valid,0,Valid,0,0.19,2
TRN-0853,Valid,0,Valid,0,0.01,2
TRN-0529,Invalid,1,Invalid,1,0.79,5
TRN-0874,Invalid,1,Invalid,1,0.74,5
TRN-0293,Valid,0,Valid,0,0.04,3
TRN-0386,Valid,0,Valid,0,0.02,1
TRN-0001,Valid,0,Valid,0,0.18,2
TRN-0483,Valid,0,Valid,0,0.14,2
TRN-0127,Valid,0,Valid,0,0.28,3
TRN-0207,Valid,0,Valid,0,0.15,2
TRN-0471,Valid,0,Valid,0,0.09,3
TRN-0059,Invalid,1,Valid,0,0.33,3
TRN-0063,Valid,0,Valid,0,0.04,5
TRN-0698,Valid,0,Valid,0,0.0,1
TRN-0960,Valid,0,Valid,0,0.11,4
TRN-0899,Valid,0,Valid,0,0.1,3
TRN-0100,Valid,0,Valid,0,0.19,4
TRN-0292,Invalid,1,Valid,0,0.12,1
TRN-0789,Valid,0,Valid,0,0.06,4
TRN-0883,Invalid,1,Valid,0,0.21,3
TRN-0987,Valid,0,Valid,0,0.1,5
TRN-0845,Valid,0,Valid,0,0.23,2
TRN-0519,Valid,0,Valid,0,0.14,4
TRN-0170,Valid,0,Valid,0,0.03,5
TRN-0803,Valid,0,Valid,0,0.03,5
TRN-0414,Valid,0,Valid,0,0.07,5
TRN-0347,Valid,0,Valid,0,0.15,4
TRN-0022,Valid,0,Valid,0,0.02,5
TRN-0534,Valid,0,Valid,0,0.07,4
TRN-0690,Invalid,1,Invalid,1,0.69,4
TRN-0021,Valid,0,Valid,0,0.12,3
TRN-0280,Valid,0,Valid,0,0.04,5
TRN-0366,Valid,0,Valid,0,0.03,3
TRN-0775,Valid,0,Valid,0,0.08,2
TRN-0274,Valid,0,Valid,0,0.01,5
TRN-0404,Valid,0,Valid,0,0.01,3
TRN-0139,Valid,0,Valid,0,0.09,3
TRN-0325,Valid,0,Valid,0,0.16,1
TRN-0155,Valid,0,Valid,0,0.03,2
TRN-0756,Valid,0,Valid,0,0.27,5
TRN-0679,Valid,0,Valid,0,0.07,4
TRN-0837,Invalid,1,Valid,0,0.13,4
TRN-0160,Valid,0,Valid,0,0.09,3
TRN-0058,Valid,0,Invalid,1,0.76,5
TRN-0357,Invalid,1,Invalid,1,0.99,1
TRN-0964,Valid,0,Valid,0,0.22,2
TRN-0594,Valid,0,Valid,0,0.05,5
TRN-0520,Valid,0,Valid,0,0.04,2
TRN-0495,Valid,0,Valid,0,0.05,4
TRN-0328,Valid,0,Valid,0,0.02,3
TRN-0152,Valid,0,Valid,0,0.06,5
TRN-0962,Valid,0,Valid,0,0.06,3
TRN-0990,Valid,0,Valid,0,0.07,2
TRN-0740,Valid,0,Valid,0,0.01,4
TRN-0812,Valid,0,Valid,0,0.09,4
TRN-0079,Valid,0,Valid,0,0.04,2
TRN-0008,Valid,0,Valid,0,0.16,3
TRN-0865,Valid,0,Valid,0,0.06,3
TRN-0909,Valid,0,Valid,0,0.16,2
TRN-0693,Valid,0,Valid,0,0.11,5
TRN-0427,Valid,0,Valid,0,0.17,5
TRN-0595,Valid,0,Valid,0,0.03,3
TRN-0086,Valid,0,Valid,0,0.06,3
TRN-0338,Valid,0,Valid,0,0.04,3
TRN-0745,Invalid,1,Invalid,1,1.0,5
TRN-0256,Valid,0,Valid,0,0.13,4
TRN-0412,Valid,0,Valid,0,0.08,5
TRN-0073,Valid,0,Valid,0,0.04,5
TRN-0836,Valid,0,Valid,0,0.11,5
TRN-0907,Invalid,1,Valid,0,0.26,1
TRN-0010,Valid,0,Valid,0,0.06,4
TRN-0569,Valid,0,Valid,0,0.03,5
TRN-0528,Valid,0,Valid,0,0.11,4
TRN-0983,Valid,0,Valid,0,0.11,5
TRN-0760,Valid,0,Valid,0,0.32,4
TRN-0547,Valid,0,Valid,0,0.12,5
TRN-0376,Valid,0,Valid,0,0.02,4
TRN-0600,Valid,0,Valid,0,0.06,1
TRN-0029,Valid,0,Valid,0,0.17,2
TRN-0039,Invalid,1,Invalid,1,0.62,2
TRN-0033,Valid,0,Valid,0,0.18,5
TRN-0833,Valid,0,Invalid,1,0.54,1
TRN-0390,Valid,0,Valid,0,0.04,4
TRN-0044,Valid,0,Valid,0,0.26,1
TRN-0452,Valid,0,Valid,0,0.02,4
TRN-0228,Valid,0,Valid,0,0.16,1
TRN-0432,Invalid,1,Valid,0,0.46,4
TRN-0898,Valid,0,Valid,0,0.04,4
TRN-0204,Valid,0,Valid,0,0.11,5
TRN-0121,Invalid,1,Invalid,1,0.62,4
TRN-0902,Valid,0,Valid,0,0.08,5
TRN-0183,Valid,0,Valid,0,0.12,5
TRN-0634,Valid,0,Valid,0,0.01,1
TRN-0378,Valid,0,Valid,0,0.18,4
TRN-0814,Valid,0,Valid,0,0.08,2
TRN-0396,Valid,0,Valid,0,0.02,4
TRN-0663,Valid,0,Invalid,1,0.62,4
TRN-0193,Valid,0,Valid,0,0.1,3
TRN-0163,Valid,0,Valid,0,0.05,4
TRN-0951,Valid,0,Valid,0,0.03,5
TRN-0453,Valid,0,Valid,0,0.13,2
TRN-0247,Valid,0,Valid,0,0.06,3
TRN-0892,Valid,0,Valid,0,0.07,3
TRN-0841,Valid,0,Valid,0,0.04,5
TRN-0233,Invalid,1,Valid,0,0.5,4
TRN-0896,Valid,0,Valid,0,0.1,2
TRN-0572,Valid,0,Valid,0,0.03,1
TRN-0377,Valid,0,Valid,0,0.01,4
TRN-0402,Invalid,1,Invalid,1,0.58,1
TRN-0692,Invalid,1,Invalid,1,0.61,3
TRN-0524,Valid,0,Valid,0,0.05,5
TRN-0686,Valid,0,Valid,0,0.19,4
TRN-0479,Invalid,1,Valid,0,0.46,2
TRN-0731,Valid,0,Valid,0,0.12,4
TRN-0099,Valid,0,Valid,0,0.03,5
TRN-0817,Valid,0,Valid,0,0.12,4
TRN-0277,Valid,0,Valid,0,0.03,1
TRN-0493,Valid,0,Valid,0,0.08,5
TRN-0726,Valid,0,Valid,0,0.11,4
TRN-0330,Valid,0,Valid,0,0.22,3
TRN-0117,Valid,0,Valid,0,0.03,3
TRN-0840,Valid,0,Valid,0,0.05,1
TRN-0640,Invalid,1,Valid,0,0.42,3
TRN-0576,Valid,0,Valid,0,0.1,1
TRN-0815,Valid,0,Valid,0,0.04,2
TRN-0048,Valid,0,Valid,0,0.1,1
TRN-0783,Valid,0,Valid,0,0.2,1
TRN-0632,Valid,0,Valid,0,0.07,5
TRN-0766,Valid,0,Valid,0,0.03,2
TRN-0241,Valid,0,Valid,0,0.06,3
TRN-0810,Valid,0,Valid,0,0.08,3
TRN-0301,Invalid,1,Invalid,1,0.56,2
TRN-0984,Valid,0,Valid,0,0.05,2
TRN-0054,Valid,0,Valid,0,0.11,3
TRN-0866,Invalid,1,Valid,0,0.46,4
TRN-0180,Valid,0,Valid,0,0.11,4
TRN-0832,Valid,0,Valid,0,0.09,3
TRN-0979,Valid,0,Valid,0,0.06,4
TRN-0070,Valid,0,Valid,0,0.06,3
TRN-0169,Valid,0,Valid,0,0.04,1
TRN-0599,Valid,0,Valid,0,0.05,1
TRN-0998,Valid,0,Valid,0,0.01,3
TRN-0016,Valid,0,Valid,0,0.03,4
TRN-0314,Valid,0,Valid,0,0.04,1
TRN-0628,Valid,0,Valid,0,0.12,5
TRN-0586,Valid,0,Valid,0,0.11,4
TRN-0145,Valid,0,Valid,0,0.12,1
TRN-0370,Valid,0,Valid,0,0.02,1
TRN-0122,Valid,0,Valid,0,0.02,1
TRN-0374,Valid,0,Valid,0,0.16,1
TRN-0878,Invalid,1,Invalid,1,0.64,4
TRN-0847,Valid,0,Valid,0,0.11,3
TRN-0540,Valid,0,Valid,0,0.24,3
TRN-0808,Invalid,1,Valid,0,0.28,3
TRN-0886,Valid,0,Valid,0,0.08,2
TRN-0510,Valid,0,Valid,0,0.06,5
TRN-0418,Valid,0,Valid,0,0.08,2
TRN-0850,Valid,0,Valid,0,0.07,1
TRN-0532,Valid,0,Valid,0,0.1,2
TRN-0361,Valid,0,Valid,0,0.03,5
TRN-0161,Valid,0,Valid,0,0.09,5
TRN-0110,Valid,0,Valid,0,0.04,5
TRN-0175,Valid,0,Valid,0,0.18,2
TRN-0616,Valid,0,Valid,0,0.04,5
TRN-0119,Valid,0,Valid,0,0.01,2
TRN-0635,Valid,0,Valid,0,0.07,5
TRN-0278,Valid,0,Valid,0,0.21,3
TRN-0225,Invalid,1,Invalid,1,0.54,1
TRN-0959,Valid,0,Valid,0,0.02,3
TRN-0349,Invalid,1,Valid,0,0.48,5
TRN-0159,Valid,0,Valid,0,0.09,5
TRN-0032,Valid,0,Valid,0,0.1,2
TRN-0344,Valid,0,Valid,0,0.33,2
TRN-0391,Valid,0,Valid,0,0.03,1
TRN-0651,Valid,0,Valid,0,0.05,4
TRN-0538,Valid,0,Valid,0,0.15,5
TRN-0264,Valid,0,Valid,0,0.09,3
TRN-0804,Valid,0,Valid,0,0.04,5
TRN-0875,Valid,0,Valid,0,0.06,3
TRN-0179,Valid,0,Valid,0,0.23,5
TRN-0664,Valid,0,Valid,0,0.04,1
TRN-0848,Valid,0,Valid,0,0.34,4
TRN-0319,Valid,0,Valid,0,0.07,3
TRN-0897,Valid,0,Valid,0,0.08,1
TRN-0617,Valid,0,Valid,0,0.14,5
TRN-0066,Valid,0,Valid,0,0.03,4
TRN-0329,Valid,0,Valid,0,0.09,1
TRN-0512,Invalid,1,Invalid,1,1.0,4
TRN-0559,Valid,0,Valid,0,0.06,2
TRN-0843,Valid,0,Valid,0,0.05,1
TRN-0080,Valid,0,Valid,0,0.03,5
TRN-0401,Invalid,1,Valid,0,0.24,2
TRN-0384,Valid,0,Valid,0,0.05,3
TRN-0047,Valid,0,Valid,0,0.04,3
TRN-0938,Valid,0,Valid,0,0.06,3
TRN-0724,Valid,0,Valid,0,0.21,3
TRN-0089,Invalid,1,Valid,0,0.45,1
TRN-0114,Valid,0,Valid,0,0.04,1
TRN-0748,Valid,0,Valid,0,0.21,2
TRN-0459,Valid,0,Valid,0,0.07,4
TRN-0223,Valid,0,Valid,0,0.13,2
TRN-0851,Valid,0,Valid,0,0.18,5
TRN-0582,Valid,0,Valid,0,0.16,2
TRN-0007,Valid,0,Valid,0,0.17,1
TRN-0947,Valid,0,Valid,0,0.08,2
TRN-0556,Valid,0,Valid,0,0.09,4
TRN-0006,Valid,0,Valid,0,0.15,3
TRN-0036,Valid,0,Valid,0,0.06,2
TRN-0655,Valid,0,Valid,0,0.08,1
TRN-0419,Valid,0,Valid,0,0.01,5
TRN-0800,Valid,0,Valid,0,0.08,4
TRN-0298,Valid,0,Valid,0,0.03,3
TRN-0146,Valid,0,Valid,0,0.22,5
TRN-0074,Invalid,1,Invalid,1,0.61,5
TRN-0358,Invalid,1,Invalid,1,0.71,5
TRN-0521,Valid,0,Valid,0,0.03,3
TRN-0598,Valid,0,Valid,0,0.02,2
TRN-0242,Valid,0,Valid,0,0.01,4
TRN-0285,Valid,0,Valid,0,0.15,4
TRN-0786,Valid,0,Valid,0,0.26,4
TRN-0976,Valid,0,Valid,0,0.12,2
TRN-0467,Valid,0,Valid,0,0.14,5
TRN-0186,Valid,0,Valid,0,0.03,5
TRN-0592,Valid,0,Valid,0,0.11,3
TRN-1000,Valid,0,Valid,0,0.09,4
TRN-0852,Valid,0,Valid,0,0.27,3
TRN-0955,Valid,0,Valid,0,0.07,1
TRN-0125,Valid,0,Valid,0,0.09,3
TRN-0570,Invalid,1,Valid,0,0.46,4
TRN-0189,Valid,0,Valid,0,0.01,4
TRN-0470,Valid,0,Valid,0,0.09,5
TRN-0003,Valid,0,Valid,0,0.16,2
TRN-0442,Valid,0,Valid,0,0.06,1
TRN-0716,Valid,0,Valid,0,0.24,2
TRN-0678,Valid,0,Valid,0,0.02,3
TRN-0978,Valid,0,Valid,0,0.13,1
TRN-0350,Valid,0,Valid,0,0.15,2
TRN-0924,Valid,0,Valid,0,0.07,2
TRN-0918,Invalid,1,Invalid,1,0.52,5
TRN-0552,Valid,0,Valid,0,0.2,3
TRN-0999,Valid,0,Valid,0,0.14,5
TRN-0444,Valid,0,Valid,0,0.2,3
TRN-0118,Invalid,1,Invalid,1,0.53,1
TRN-0950,Invalid,1,Valid,0,0.28,5
TRN-0642,Invalid,1,Valid,0,0.28,1
TRN-0953,Valid,0,Valid,0,0.03,3
TRN-0821,Valid,0,Valid,0,0.09,2
TRN-0487,Valid,0,Valid,0,0.02,5
TRN-0871,Valid,0,Valid,0,0.03,2
TRN-0683,Invalid,1,Invalid,1,0.62,1
TRN-0555,Valid,0,Valid,0,0.02,4
TRN-0085,Valid,0,Valid,0,0.04,1
TRN-0685,Valid,0,Valid,0,0.11,4
TRN-0888,Invalid,1,Invalid,1,0.81,5
TRN-0609,Valid,0,Valid,0,0.01,1
TRN-0182,Valid,0,Valid,0,0.02,3
TRN-0211,Valid,0,Valid,0,0.1,1
TRN-0574,Valid,0,Valid,0,0.05,3
TRN-0648,Valid,0,Valid,0,0.01,2
TRN-0665,Invalid,1,Invalid,1,0.83,3
TRN-0966,Valid,0,Valid,0,0.13,2
TRN-0064,Valid,0,Valid,0,0.0,3
TRN-0499,Invalid,1,Valid,0,0.33,1
TRN-0334,Valid,0,Valid,0,0.27,1
TRN-0352,Valid,0,Valid,0,0.02,4
TRN-0448,Valid,0,Valid,0,0.02,1
TRN-0701,Valid,0,Valid,0,0.08,5
TRN-0077,Invalid,1,Invalid,1,0.64,5
TRN-0900,Valid,0,Valid,0,0.09,1
TRN-0034,Valid,0,Valid,0,0.17,1
TRN-0239,Valid,0,Valid,0,0.22,2
TRN-0535,Invalid,1,Valid,0,0.27,5
TRN-0373,Valid,0,Valid,0,0.09,5
TRN-0539,Valid,0,Valid,0,0.1,3
TRN-0141,Valid,0,Valid,0,0.11,1
