Test_ID,Actual_Validity,Supervised_Prediction,Probability_Invalid,Stage1_Quality_Issue,Stage3_Anomaly_Flag,Stage3_Anomaly_Score
TRN-0889,Valid,Valid,0.015,False,0,0.3981144501003096
TRN-0820,Valid,Valid,0.005,False,0,0.3859658116863561
TRN-0411,Valid,Valid,0.05,False,0,0.4186627972852236
TRN-0754,Valid,Valid,0.005,False,0,0.3805669103771818
TRN-0707,Valid,Valid,0.03,False,0,0.3931337012483522
TRN-0140,Valid,Valid,0.065,True,1,0.5963988835729646
TRN-0881,Valid,Valid,0.03,False,0,0.3779968990126365
TRN-0381,Valid,Valid,0.015,False,0,0.3791326236375086
TRN-0095,Valid,Valid,0.01,False,0,0.4379281427768868
TRN-0135,Invalid,Invalid,0.905,False,0,0.4507230348020907
TRN-0633,Valid,Valid,0.015,False,0,0.4269272034842111
TRN-0138,Valid,Valid,0.03,False,0,0.3946839516214831
TRN-0591,Valid,Valid,0.125,False,0,0.4948792427504678
TRN-0262,Valid,Valid,0.08,False,0,0.4016070642423365
TRN-0729,Valid,Valid,0.075,False,0,0.4097882510462803
TRN-0307,Valid,Valid,0.075,False,0,0.482643552189693
TRN-0091,Valid,Valid,0.015,False,0,0.3800746499584354
TRN-0542,Valid,Valid,0.05,False,0,0.4185607843351643
TRN-0937,Valid,Valid,0.125,False,0,0.3955590199389353
TRN-0092,Valid,Valid,0.08,False,0,0.4401670173713953
TRN-0268,Valid,Valid,0.11,False,0,0.4530736735525725
TRN-0782,Valid,Valid,0.06,False,0,0.4163314394914707
TRN-0919,Valid,Valid,0.015,False,0,0.3758129373749768
TRN-0053,Valid,Valid,0.055,False,0,0.4481644448608884
TRN-0408,Valid,Valid,0.115,False,0,0.4576920118925874
TRN-0501,Valid,Valid,0.045,False,0,0.3792636094501941
TRN-0311,Valid,Valid,0.02,False,0,0.3863936052567697
TRN-0562,Valid,Valid,0.05,False,0,0.4387962889729082
TRN-0126,Valid,Valid,0.005,False,0,0.3786861465117697
TRN-0676,Valid,Valid,0.06,False,0,0.4592457554867751
TRN-0360,Valid,Valid,0.11,False,0,0.4229109739279169
TRN-0367,Valid,Valid,0.045,False,0,0.4037400619090457
TRN-0405,Valid,Valid,0.06,True,1,0.59399535585435
TRN-0868,Valid,Valid,0.025,False,0,0.466422202426526
TRN-0020,Valid,Valid,0.06,False,0,0.4375996327878274
TRN-0316,Valid,Valid,0.01,False,0,0.3820682222037146
TRN-0067,Valid,Valid,0.25,False,0,0.433664135022705
TRN-0317,Valid,Valid,0.02,False,0,0.3966882790446867
TRN-0087,Invalid,Invalid,0.95,False,0,0.4486060562251981
TRN-0801,Valid,Valid,0.145,False,0,0.4119862219904853
TRN-0012,Valid,Valid,0.01,False,0,0.406483858561933
TRN-0578,Valid,Valid,0.015,False,0,0.4097205393718343
TRN-0859,Valid,Valid,0.1,False,0,0.4312855779103136
TRN-0533,Invalid,Invalid,0.855,True,1,0.5295215093299227
TRN-0967,Valid,Valid,0.015,False,0,0.3823287511349769
TRN-0788,Valid,Valid,0.11,False,0,0.3939657045100439
TRN-0700,Valid,Valid,0.075,False,0,0.3806343801400849
TRN-0151,Valid,Valid,0.035,False,0,0.3929143099905123
TRN-0236,Valid,Valid,0.03,False,0,0.3959901447312433
TRN-0130,Valid,Valid,0.09,False,0,0.408937043434434
TRN-0558,Valid,Valid,0.12,False,0,0.4331685432841499
TRN-0335,Valid,Valid,0.07,False,0,0.4087329426370082
TRN-0747,Valid,Valid,0.17,False,0,0.4833981879189075
TRN-0065,Valid,Valid,0.08,False,0,0.4443642169839093
TRN-0257,Valid,Valid,0.05,True,1,0.6036643510029045
TRN-0443,Valid,Valid,0.135,False,0,0.411238714169133
TRN-0507,Valid,Valid,0.03,False,0,0.4356732774541824
TRN-0943,Valid,Valid,0.06,False,0,0.4151230984739849
TRN-0438,Valid,Valid,0.025,False,0,0.4659277347473071
TRN-0323,Invalid,Invalid,0.9,False,0,0.4416057752299577
TRN-0541,Valid,Valid,0.015,False,0,0.4202750081975011
TRN-0513,Valid,Valid,0.33,False,0,0.489766444717171
TRN-0830,Valid,Valid,0.265,False,0,0.4528227261784612
TRN-0124,Invalid,Invalid,0.925,False,0,0.4509155757041918
TRN-0434,Valid,Valid,0.04,True,1,0.5960467644962968
TRN-0742,Valid,Valid,0.01,False,0,0.4124974918675915
TRN-0351,Valid,Valid,0.1,False,0,0.4364610673646141
TRN-0736,Valid,Valid,0.03,False,0,0.3881232671147374
TRN-0518,Invalid,Invalid,0.775,False,0,0.4149343113253604
TRN-0097,Invalid,Invalid,0.71,False,0,0.4706281444541624
TRN-0220,Valid,Valid,0.025,False,0,0.3914033123788132
TRN-0713,Valid,Valid,0.255,False,0,0.4480763689292179
TRN-0890,Valid,Valid,0.035,False,0,0.4143412615602467
TRN-0531,Valid,Valid,0.05,False,0,0.4121750370175787
TRN-0369,Valid,Valid,0.005,False,0,0.3888361706543816
TRN-0781,Valid,Valid,0.03,False,0,0.3942293733231441
TRN-0928,Valid,Valid,0.025,False,0,0.3993617035423746
TRN-0194,Valid,Valid,0.23,False,0,0.4594509979414144
TRN-0743,Invalid,Invalid,1.0,False,0,0.494295918477819
TRN-0294,Valid,Valid,0.015,False,0,0.3944964360295029
TRN-0304,Invalid,Invalid,0.575,False,0,0.4257404453853581
TRN-0382,Valid,Valid,0.065,False,0,0.3957145439648266
TRN-0417,Valid,Valid,0.11,False,0,0.395848569127394
TRN-0297,Valid,Valid,0.12,False,0,0.4685562459336094
TRN-0622,Invalid,Invalid,0.865,False,0,0.4230527446417731
TRN-0563,Valid,Valid,0.015,False,0,0.4023981375068478
TRN-0920,Valid,Valid,0.025,True,1,0.6041905190534267
TRN-0568,Valid,Valid,0.025,False,0,0.4321180621544325
TRN-0227,Valid,Valid,0.18,False,0,0.4047582267922933
TRN-0581,Valid,Valid,0.15,False,0,0.4214893170301872
TRN-0320,Valid,Valid,0.165,False,0,0.4601772686947235
TRN-0167,Invalid,Invalid,0.78,False,1,0.5273391511464409
TRN-0450,Valid,Valid,0.035,False,0,0.4425156662359624
TRN-0287,Valid,Valid,0.145,False,0,0.4403234102645196
TRN-0650,Valid,Valid,0.04,False,0,0.4138021856777333
TRN-0901,Valid,Valid,0.04,False,0,0.3873630175564356
TRN-0031,Valid,Valid,0.15,False,0,0.4591583040796519
TRN-0199,Valid,Valid,0.025,False,0,0.4133666883798975
TRN-0630,Valid,Valid,0.005,False,0,0.3721150318738782
TRN-0605,Valid,Valid,0.065,False,0,0.413514729205509
TRN-0704,Invalid,Invalid,0.42,False,0,0.4444565250646566
TRN-0614,Valid,Valid,0.02,False,0,0.4083278113859077
TRN-0315,Valid,Valid,0.035,False,0,0.3931358860514623
TRN-0018,Invalid,Invalid,0.705,False,0,0.4443906951106259
TRN-0669,Valid,Valid,0.005,False,0,0.4077574274864929
TRN-0168,Invalid,Invalid,0.92,False,0,0.4953710253213869
TRN-0397,Valid,Valid,0.015,False,0,0.3843653802790119
TRN-0324,Valid,Valid,0.03,True,1,0.5665964588422094
TRN-0154,Invalid,Invalid,1.0,False,0,0.4865920816491763
TRN-0666,Valid,Valid,0.255,False,0,0.444392288365815
TRN-0826,Valid,Valid,0.015,False,0,0.3849358797995008
TRN-0131,Valid,Valid,0.03,False,0,0.378579803254945
TRN-0206,Valid,Valid,0.04,False,0,0.3947064880241797
TRN-0641,Valid,Valid,0.075,False,0,0.4048731120821157
TRN-0478,Valid,Valid,0.015,False,0,0.3858236210622254
TRN-0026,Valid,Valid,0.005,False,0,0.3914061430080842
TRN-0363,Valid,Valid,0.09,False,0,0.400020780076486
TRN-0430,Valid,Valid,0.06,False,0,0.3658284205956709
TRN-0936,Valid,Valid,0.045,False,0,0.4288011126456579
TRN-0129,Valid,Valid,0.05,True,1,0.5972542991331976
TRN-0688,Valid,Valid,0.05,False,0,0.3810635209022429
TRN-0157,Valid,Valid,0.07,False,0,0.3962583992664087
TRN-0422,Valid,Valid,0.075,False,0,0.4085112959249843
TRN-0561,Invalid,Valid,0.165,False,0,0.4029820165580927
TRN-0281,Valid,Valid,0.035,False,0,0.3960129404972035
TRN-0108,Invalid,Invalid,0.87,False,0,0.4381687976020473
TRN-0332,Valid,Valid,0.195,False,0,0.391864084336211
TRN-0185,Invalid,Invalid,0.995,False,0,0.482568848340409
TRN-0746,Valid,Valid,0.02,False,0,0.3969214111788237
TRN-0656,Valid,Valid,0.04,False,0,0.445192841450121
TRN-0270,Valid,Valid,0.01,False,0,0.3798883642084157
TRN-0462,Valid,Valid,0.13,False,0,0.4269940813024396
TRN-0245,Valid,Valid,0.06,False,0,0.4033883238733295
TRN-0986,Valid,Valid,0.05,False,0,0.3931585923490616
TRN-0905,Valid,Valid,0.075,False,0,0.3769144299987072
TRN-0355,Valid,Valid,0.015,False,0,0.4242675464601457
TRN-0684,Valid,Valid,0.015,False,0,0.3789496258328034
TRN-0433,Valid,Valid,0.01,False,0,0.3797153455607579
TRN-0205,Valid,Valid,0.045,False,0,0.4047102338890784
TRN-0806,Valid,Valid,0.045,False,0,0.4165266098320607
TRN-0177,Valid,Valid,0.04,False,0,0.4168719839761828
TRN-0744,Valid,Valid,0.165,False,0,0.4779990109552866
TRN-0295,Valid,Valid,0.02,False,0,0.4030228068750369
TRN-0948,Valid,Valid,0.095,False,0,0.4020678991451747
TRN-0844,Valid,Valid,0.015,False,0,0.3836505050351734
TRN-0035,Valid,Valid,0.03,False,0,0.3836542400373774
TRN-0971,Valid,Valid,0.035,False,0,0.3985497134137893
TRN-0455,Valid,Valid,0.01,False,0,0.404375230061643
TRN-0792,Valid,Valid,0.03,False,0,0.4184673271978892
TRN-0662,Valid,Valid,0.06,False,0,0.408322840126371
TRN-0266,Valid,Valid,0.005,False,0,0.3903247668537969
TRN-0326,Valid,Valid,0.165,False,0,0.4521205512719903
TRN-0173,Valid,Valid,0.025,False,0,0.4118761684177754
TRN-0473,Valid,Valid,0.03,False,0,0.3787852651384077
TRN-0759,Valid,Valid,0.05,False,0,0.380635794992511
TRN-0090,Valid,Valid,0.005,False,0,0.3857971630557084
TRN-0346,Invalid,Invalid,0.995,False,0,0.4743890011442545
TRN-0250,Valid,Valid,0.07,False,0,0.3888747236040758
TRN-0585,Valid,Valid,0.03,False,0,0.4347345998495486
TRN-0057,Valid,Valid,0.11,False,0,0.4987359111412745
TRN-0187,Valid,Valid,0.05,False,0,0.4373989078895421
TRN-0557,Invalid,Invalid,0.755,False,0,0.4551921098939849
TRN-0098,Valid,Valid,0.135,False,0,0.3732782037152538
TRN-0734,Invalid,Valid,0.165,False,0,0.4210881038083946
TRN-0718,Invalid,Invalid,0.835,True,1,0.5995444826390931
TRN-0389,Valid,Valid,0.05,False,0,0.4072093937144881
TRN-0680,Valid,Valid,0.045,False,0,0.3818915558374984
TRN-0709,Valid,Valid,0.3,False,1,0.5009364753899007
TRN-0406,Invalid,Invalid,0.875,False,0,0.4265348984660602
TRN-0496,Valid,Valid,0.06,False,0,0.4115587494589586
TRN-0500,Valid,Valid,0.01,False,0,0.3872000146429111
TRN-0238,Valid,Valid,0.0,False,0,0.4079506892262098
TRN-0494,Valid,Valid,0.075,False,0,0.3837850050799643
TRN-0597,Valid,Valid,0.01,False,0,0.4046803624846817
TRN-0749,Valid,Valid,0.025,False,0,0.3664316218327174
TRN-0973,Valid,Valid,0.05,False,0,0.386944264749071
TRN-0995,Valid,Valid,0.03,True,1,0.5997460870254705
TRN-0420,Valid,Valid,0.25,False,0,0.3996460153235058
TRN-0621,Valid,Valid,0.115,False,0,0.4300968774075628
TRN-0128,Valid,Valid,0.11,False,0,0.426742761291606
TRN-0436,Valid,Valid,0.07,False,0,0.4590731257224112
TRN-0733,Valid,Valid,0.15,False,0,0.4112513036316236
TRN-0451,Valid,Valid,0.015,False,0,0.4148357877085876
TRN-0061,Valid,Valid,0.065,False,0,0.4115483684504217
TRN-0051,Valid,Valid,0.065,False,1,0.5110138762591918
TRN-0093,Valid,Valid,0.075,False,0,0.3989475124731405
TRN-0457,Valid,Valid,0.015,False,0,0.3924527659715932
TRN-0939,Valid,Valid,0.015,False,0,0.37286538206503
TRN-0872,Invalid,Invalid,0.815,True,1,0.6011653187169318
TRN-0652,Invalid,Invalid,0.85,False,1,0.6323339622676535
TRN-0084,Valid,Valid,0.095,False,0,0.4108198820514477
TRN-0461,Valid,Valid,0.06,False,0,0.4090230133441176
TRN-0615,Valid,Valid,0.015,False,0,0.3840977984061205
TRN-0828,Valid,Valid,0.055,True,1,0.6010261671356243
TRN-0082,Valid,Valid,0.045,False,0,0.3823620944906733
TRN-0969,Valid,Valid,0.03,True,1,0.613178060275066
TRN-0675,Valid,Valid,0.005,False,0,0.4023415004361756
TRN-0458,Invalid,Invalid,0.935,False,0,0.4181332935741756
TRN-0190,Valid,Valid,0.015,False,0,0.4645338074228416
TRN-0202,Invalid,Invalid,0.825,False,1,0.5025372348621456
TRN-0068,Valid,Valid,0.035,False,0,0.4130430209666783
TRN-0214,Valid,Valid,0.345,False,0,0.4176418896439908
TRN-0477,Valid,Valid,0.025,False,0,0.4108648253887451
TRN-0394,Valid,Valid,0.02,False,0,0.4071882164735775
TRN-0530,Valid,Valid,0.125,False,0,0.4022606646901568
TRN-0037,Valid,Valid,0.31,False,0,0.4216205022085087
TRN-0267,Invalid,Invalid,0.995,False,1,0.5021828931306913
TRN-0440,Valid,Valid,0.04,False,0,0.4238575619935951
TRN-0697,Valid,Valid,0.025,False,0,0.3804466417509746
TRN-0974,Valid,Valid,0.01,False,0,0.3815745490498756
TRN-0869,Valid,Valid,0.075,False,0,0.4007364762236069
TRN-0025,Invalid,Invalid,0.83,False,0,0.4412190150800238
TRN-0523,Invalid,Invalid,0.845,False,0,0.4926012512878046
TRN-0172,Valid,Valid,0.01,False,0,0.3919019909383017
TRN-0723,Valid,Valid,0.025,False,0,0.3923662366403156
TRN-0041,Valid,Valid,0.02,False,0,0.3903824702386551
TRN-0958,Valid,Valid,0.0,False,0,0.3884834767473948
TRN-0364,Valid,Valid,0.03,False,0,0.4132159367894791
TRN-0553,Valid,Valid,0.02,False,0,0.4069155486647732
TRN-0253,Valid,Valid,0.095,False,0,0.4709766211786633
TRN-0566,Valid,Valid,0.015,False,0,0.3905041070924273
TRN-0777,Valid,Valid,0.215,False,0,0.4504068762088208
TRN-0485,Valid,Valid,0.025,False,0,0.4216928270037821
TRN-0076,Invalid,Valid,0.29,False,0,0.4728468755254156
TRN-0234,Valid,Valid,0.045,False,0,0.4448988448791495
TRN-0176,Valid,Valid,0.025,False,0,0.3967150178077342
TRN-0931,Valid,Valid,0.035,False,0,0.4048300095998208
TRN-0945,Invalid,Invalid,0.995,False,0,0.4783420804176251
TRN-0715,Valid,Valid,0.015,False,0,0.3843035687900525
TRN-0103,Valid,Valid,0.005,False,0,0.3890069594429972
TRN-0522,Valid,Valid,0.23,False,0,0.3871145950940961
TRN-0612,Valid,Valid,0.085,False,0,0.4398848170530395
TRN-0706,Valid,Valid,0.04,False,0,0.3943979274741181
TRN-0409,Valid,Valid,0.04,False,0,0.4312588180339388
TRN-0741,Valid,Valid,0.155,False,0,0.4010524727535244
TRN-0162,Valid,Valid,0.135,False,1,0.5102425190858146
TRN-0980,Valid,Valid,0.085,False,0,0.4757305063293254
TRN-0072,Valid,Valid,0.055,False,0,0.4305761457279973
TRN-0670,Valid,Valid,0.04,False,0,0.3858143178037742
TRN-0884,Valid,Valid,0.04,False,0,0.3757090919967178
TRN-0765,Invalid,Invalid,0.965,False,0,0.4315240101485965
TRN-0208,Valid,Valid,0.01,False,0,0.4012120984739791
TRN-0116,Valid,Valid,0.05,False,0,0.3788004835125355
TRN-0807,Valid,Valid,0.01,False,0,0.3830759101738761
TRN-0515,Valid,Valid,0.06,False,0,0.4521797473312995
TRN-0771,Valid,Valid,0.015,False,0,0.3991158346323291
TRN-0252,Valid,Valid,0.02,False,0,0.4410137503369384
TRN-0762,Valid,Valid,0.095,False,1,0.5014556511834051
TRN-0722,Valid,Valid,0.02,False,0,0.3904253947724681
TRN-0309,Valid,Valid,0.06,False,0,0.4525614739676246
TRN-0454,Valid,Valid,0.065,False,0,0.3759555209630342
TRN-0312,Valid,Valid,0.18,False,0,0.4187391764206588
TRN-0191,Valid,Valid,0.03,False,0,0.3852325839247112
TRN-0913,Valid,Valid,0.005,False,0,0.4117935410244988
TRN-0426,Valid,Valid,0.03,False,0,0.3982995876974947
TRN-0286,Valid,Valid,0.02,False,0,0.4194059084126001
TRN-0400,Valid,Valid,0.03,False,0,0.3768190353127227
TRN-0498,Valid,Valid,0.105,False,0,0.4951650509336625
TRN-0379,Valid,Valid,0.01,False,0,0.4040376456229798
TRN-0120,Invalid,Invalid,0.86,True,1,0.6140350278740097
TRN-0062,Valid,Valid,0.025,False,0,0.4140606574701608
TRN-0216,Valid,Valid,0.035,False,0,0.4507181905709948
TRN-0246,Valid,Valid,0.135,False,0,0.4576517512628096
TRN-0303,Valid,Valid,0.005,False,0,0.378216938470847
TRN-0213,Valid,Valid,0.08,False,0,0.4553173475710619
TRN-0156,Valid,Valid,0.005,False,0,0.3740919214811556
TRN-0703,Valid,Valid,0.005,False,0,0.3841582269406473
TRN-0702,Valid,Valid,0.085,False,0,0.4121021014241081
TRN-0784,Valid,Valid,0.07,False,0,0.4177428005373911
TRN-0929,Invalid,Invalid,0.73,False,0,0.4825341220877767
TRN-0997,Valid,Valid,0.01,False,0,0.3918590147586874
TRN-0368,Valid,Valid,0.0,False,0,0.3894214977743344
TRN-0015,Valid,Valid,0.065,False,0,0.4187737541768748
TRN-0342,Valid,Valid,0.005,False,0,0.3904228417126715
TRN-0435,Valid,Valid,0.05,False,0,0.4024862890583152
TRN-0219,Valid,Valid,0.065,False,0,0.4206030099393815
TRN-0863,Valid,Valid,0.05,False,0,0.4732529931338193
TRN-0217,Invalid,Valid,0.27,False,0,0.4077961262495856
TRN-0791,Valid,Valid,0.005,False,0,0.371706508157357
TRN-0993,Valid,Invalid,0.48,False,0,0.4757472684512215
TRN-0481,Valid,Valid,0.135,False,0,0.4971257092823047
TRN-0237,Valid,Valid,0.045,False,0,0.4157737506704456
TRN-0424,Valid,Valid,0.095,False,0,0.4164017017173267
TRN-0224,Valid,Valid,0.025,False,0,0.3821110270915632
TRN-0024,Valid,Valid,0.045,True,1,0.5792390846498048
TRN-0761,Valid,Valid,0.025,False,0,0.4504575243057517
TRN-0551,Invalid,Invalid,0.91,False,0,0.4835546208986874
TRN-0768,Invalid,Invalid,0.81,True,1,0.6345693508577601
TRN-0109,Valid,Valid,0.115,False,0,0.422759772549937
TRN-0873,Valid,Valid,0.0,False,0,0.384565266595035
TRN-0589,Invalid,Invalid,0.99,False,0,0.4994208702028235
TRN-0203,Invalid,Invalid,0.825,False,1,0.5532235960748851
TRN-0963,Valid,Valid,0.065,False,0,0.4370029136379872
TRN-0445,Valid,Valid,0.03,False,0,0.3657038364430821
TRN-0935,Invalid,Valid,0.125,False,0,0.4109959225143957
TRN-0415,Valid,Valid,0.03,False,0,0.4050088108438555
TRN-0209,Invalid,Invalid,0.995,False,1,0.5227489520282429
TRN-0544,Valid,Valid,0.045,False,0,0.4315253149161018
TRN-0111,Valid,Valid,0.04,False,0,0.414753364635042
TRN-0526,Valid,Valid,0.08,False,0,0.4125310533195024
TRN-0940,Valid,Valid,0.025,False,0,0.4260899843771537
TRN-0838,Valid,Valid,0.19,False,1,0.5213464298211284
TRN-0708,Valid,Valid,0.01,False,0,0.3906798949296697
TRN-0075,Valid,Valid,0.025,False,0,0.4013868794245593
TRN-0321,Invalid,Invalid,0.88,False,0,0.4922454120711128
TRN-0867,Valid,Valid,0.04,True,1,0.5998660031572843
TRN-0416,Valid,Valid,0.045,True,1,0.595804035065085
TRN-0188,Valid,Valid,0.035,True,1,0.6362341099583717
TRN-0050,Valid,Valid,0.035,False,0,0.4040585960663365
TRN-0150,Valid,Valid,0.04,False,0,0.3886748983104297
TRN-0142,Valid,Valid,0.04,False,0,0.3862042817472694
TRN-0133,Valid,Valid,0.1,False,0,0.4608774917887145
TRN-0906,Valid,Valid,0.005,False,0,0.4001685212413322
TRN-0894,Valid,Valid,0.21,False,0,0.4204093729093255
TRN-0944,Invalid,Invalid,0.705,True,1,0.5347599320260555
TRN-0030,Valid,Valid,0.045,False,0,0.4309706218745338
TRN-0302,Valid,Valid,0.03,False,0,0.3794069231735583
TRN-0623,Invalid,Invalid,0.995,False,1,0.5254743400744656
TRN-0230,Valid,Valid,0.095,False,0,0.3772943873690739
TRN-0060,Valid,Valid,0.07,False,0,0.4529334212747115
TRN-0546,Valid,Valid,0.045,False,0,0.4160863902031421
TRN-0210,Valid,Valid,0.015,False,0,0.4552186123387857
TRN-0893,Valid,Valid,0.055,False,1,0.5098092910368589
TRN-0797,Invalid,Invalid,0.765,True,1,0.5686450750464163
TRN-0482,Valid,Valid,0.015,False,0,0.4098762039248472
TRN-0469,Valid,Valid,0.135,False,0,0.4815882502834779
TRN-0078,Valid,Valid,0.31,False,1,0.5283006345863172
TRN-0240,Valid,Valid,0.115,False,0,0.3834609063699414
TRN-0787,Valid,Valid,0.015,False,0,0.385858375951378
TRN-0658,Valid,Valid,0.1,False,0,0.4354758865828907
TRN-0243,Valid,Valid,0.065,False,0,0.4308593901641297
TRN-0506,Valid,Valid,0.005,False,0,0.4028344480475884
TRN-0732,Valid,Valid,0.13,False,0,0.4704833480099304
TRN-0489,Valid,Valid,0.01,False,0,0.4084686178724088
TRN-0842,Valid,Valid,0.02,False,0,0.4238331372384127
TRN-0988,Valid,Valid,0.045,False,0,0.4112779582742777
TRN-0721,Valid,Valid,0.04,False,0,0.4070095277494673
TRN-0646,Invalid,Invalid,0.405,False,0,0.4506704746889884
TRN-0681,Valid,Valid,0.04,False,0,0.394946519738084
TRN-0137,Invalid,Invalid,0.685,False,0,0.4392514642233071
TRN-0474,Valid,Valid,0.045,False,0,0.3792448859443361
TRN-0793,Invalid,Invalid,0.87,True,1,0.5784606776227973
TRN-0300,Valid,Valid,0.035,False,0,0.4570924774388987
TRN-0096,Valid,Valid,0.01,False,0,0.3830893685648732
TRN-0399,Valid,Valid,0.09,False,1,0.5107876141684159
TRN-0392,Valid,Valid,0.01,False,0,0.4004805669650031
TRN-0922,Valid,Valid,0.085,False,0,0.3939634705716801
TRN-0674,Valid,Valid,0.09,False,0,0.4680885061167851
TRN-0805,Invalid,Invalid,0.995,False,0,0.4865920816491763
TRN-0849,Valid,Valid,0.0,False,0,0.3942942476464102
TRN-0720,Valid,Valid,0.155,False,0,0.4303596959861122
TRN-0244,Valid,Valid,0.09,False,0,0.4539012715797609
TRN-0584,Valid,Valid,0.02,False,0,0.4152657293951361
TRN-0393,Valid,Valid,0.03,False,0,0.3957262768261789
TRN-0046,Valid,Valid,0.005,False,0,0.3971399901936996
TRN-0055,Valid,Valid,0.035,False,0,0.4467902493051285
TRN-0040,Invalid,Invalid,0.78,False,0,0.4667804859046144
TRN-0604,Invalid,Invalid,0.84,False,0,0.4349379595992053
TRN-0383,Valid,Valid,0.03,True,1,0.5727160781320835
TRN-0631,Invalid,Invalid,0.785,True,1,0.5428172756677613
TRN-0596,Valid,Valid,0.065,True,1,0.6120432731284882
TRN-0954,Valid,Valid,0.085,False,0,0.3985103316164666
TRN-0069,Invalid,Invalid,0.825,False,1,0.5048681806855528
TRN-0195,Valid,Valid,0.015,False,0,0.3810807980219943
TRN-0104,Valid,Valid,0.015,False,0,0.3808870551943072
TRN-0751,Valid,Valid,0.04,False,0,0.3901031991283864
TRN-0537,Valid,Valid,0.02,False,0,0.3855217813349786
TRN-0348,Valid,Valid,0.03,False,0,0.3794484694138293
TRN-0730,Valid,Valid,0.095,False,0,0.4219408940511887
TRN-0961,Valid,Valid,0.035,False,0,0.3775455758583215
TRN-0818,Valid,Valid,0.13,False,0,0.4354607996003279
TRN-0794,Valid,Valid,0.055,False,0,0.4156274970187206
TRN-0488,Valid,Valid,0.065,False,0,0.4810105673538967
TRN-0577,Valid,Valid,0.045,False,0,0.39393714108218
TRN-0388,Valid,Valid,0.065,False,0,0.3866308557308992
TRN-0490,Invalid,Invalid,0.795,False,0,0.4607254329885221
TRN-0774,Valid,Valid,0.03,False,0,0.3788396233402236
TRN-0590,Valid,Valid,0.06,False,0,0.4055549257893831
TRN-0968,Invalid,Invalid,0.945,False,0,0.4734008781404009
TRN-0601,Valid,Valid,0.005,False,0,0.4074362977273957
TRN-0694,Valid,Valid,0.03,False,0,0.3794495765882508
TRN-0996,Valid,Valid,0.085,False,0,0.4303504808590534
TRN-0550,Valid,Valid,0.035,False,0,0.4695462674515983
TRN-0362,Valid,Valid,0.02,False,0,0.3826211291761048
TRN-0403,Valid,Valid,0.015,False,0,0.3779829264994368
TRN-0895,Valid,Valid,0.015,False,0,0.4134839454815453
TRN-0710,Valid,Valid,0.06,False,0,0.4040849558853766
TRN-0081,Invalid,Invalid,0.92,False,0,0.4953710253213869
TRN-0505,Valid,Valid,0.02,False,0,0.3906829904680197
TRN-0671,Valid,Valid,0.03,True,1,0.5887283179485441
TRN-0923,Valid,Valid,0.03,False,0,0.4177656385928335
TRN-0456,Valid,Valid,0.03,False,0,0.4050845407558262
TRN-0864,Valid,Valid,0.13,False,0,0.4041702462242242
TRN-0728,Valid,Valid,0.085,False,0,0.4037992930826487
TRN-0795,Valid,Valid,0.14,False,0,0.4813605619362306
TRN-0339,Valid,Valid,0.01,False,0,0.3992618150266174
TRN-0755,Invalid,Invalid,0.85,False,0,0.45002975803301
TRN-0926,Valid,Valid,0.03,False,0,0.4367296183927608
TRN-0340,Valid,Valid,0.03,False,0,0.3784426667219037
TRN-0624,Valid,Valid,0.04,False,0,0.405587696228336
TRN-0985,Valid,Valid,0.125,False,0,0.4424842953990597
TRN-0860,Valid,Valid,0.045,False,0,0.4011165191273476
TRN-0560,Valid,Valid,0.13,False,0,0.4005115033810989
TRN-0811,Valid,Valid,0.08,False,0,0.4492752376347348
TRN-0395,Valid,Valid,0.005,False,0,0.3757028186850766
TRN-0839,Invalid,Invalid,0.945,False,0,0.414859758584839
TRN-0779,Valid,Valid,0.015,False,0,0.3969876719230607
TRN-0543,Valid,Valid,0.155,False,0,0.4923548038732113
TRN-0158,Valid,Valid,0.035,False,0,0.4000725885408394
TRN-0799,Valid,Valid,0.005,False,0,0.4033033787048629
TRN-0946,Valid,Valid,0.04,False,0,0.4157401604075522
TRN-0927,Invalid,Invalid,0.995,False,1,0.5227489520282429
TRN-0952,Valid,Valid,0.04,False,0,0.4017157023522945
TRN-0608,Valid,Valid,0.045,False,0,0.4255086744091061
TRN-0212,Valid,Valid,0.02,False,0,0.4225117656637885
TRN-0480,Valid,Valid,0.01,False,0,0.3871940969792041
TRN-0904,Valid,Valid,0.03,False,0,0.4418488239541165
TRN-0607,Valid,Valid,0.085,False,0,0.4602481122218191
TRN-0855,Valid,Valid,0.28,False,0,0.3898289321363448
TRN-0879,Valid,Valid,0.045,False,0,0.4186059467677751
TRN-0667,Valid,Valid,0.045,True,1,0.5886923253974269
TRN-0232,Valid,Valid,0.07,False,0,0.4620882359367407
TRN-0299,Valid,Valid,0.175,False,0,0.4127651326761025
TRN-0629,Valid,Valid,0.035,False,0,0.4017016390254048
TRN-0858,Valid,Valid,0.165,False,0,0.4570737367516713
TRN-0994,Valid,Valid,0.005,False,0,0.4158837661098609
TRN-0306,Valid,Valid,0.025,False,0,0.4049217251954618
TRN-0654,Valid,Valid,0.02,False,0,0.393372496181918
TRN-0917,Valid,Valid,0.005,False,0,0.3874085817778933
TRN-0231,Valid,Valid,0.03,False,0,0.3949465403548346
TRN-0460,Valid,Valid,0.01,False,0,0.3910524677066035
TRN-0492,Valid,Valid,0.015,False,0,0.4220357894003161
TRN-0825,Valid,Valid,0.005,False,0,0.391226187045858
TRN-0279,Valid,Valid,0.0,False,0,0.3985560707817251
TRN-0580,Valid,Valid,0.02,False,0,0.388558763459189
TRN-0992,Valid,Valid,0.08,False,0,0.4056288790997123
TRN-0934,Valid,Valid,0.01,False,0,0.386918481575522
TRN-0639,Valid,Valid,0.045,False,0,0.4480863644262154
TRN-0925,Valid,Valid,0.055,True,1,0.5957044035956274
TRN-0248,Valid,Valid,0.185,False,0,0.4553969447071967
TRN-0603,Valid,Valid,0.13,False,0,0.4078888350789575
TRN-0331,Valid,Valid,0.015,False,0,0.3806720597571388
TRN-0880,Valid,Valid,0.0,False,0,0.3769455062080281
TRN-0957,Valid,Valid,0.075,False,0,0.4232810984182732
TRN-0049,Invalid,Invalid,1.0,False,0,0.494295918477819
TRN-0672,Valid,Valid,0.19,False,0,0.4004371554442492
TRN-0149,Valid,Valid,0.03,False,0,0.4279636759529281
TRN-0043,Invalid,Invalid,0.99,False,0,0.4783420804176251
TRN-0475,Valid,Valid,0.13,False,0,0.4630316207243959
TRN-0094,Valid,Valid,0.065,False,0,0.3873624530468249
TRN-0699,Valid,Valid,0.055,False,0,0.444179247310345
TRN-0429,Valid,Valid,0.085,False,0,0.4215413362969965
TRN-0222,Valid,Valid,0.14,False,0,0.4576277596269677
TRN-0942,Invalid,Valid,0.255,False,0,0.4684438301634308
TRN-0606,Valid,Valid,0.125,False,0,0.4062768547531164
TRN-0657,Valid,Valid,0.035,False,0,0.4109309892243949
TRN-0465,Valid,Valid,0.025,False,0,0.4022243313859612
TRN-0197,Valid,Valid,0.11,False,0,0.3920038285838138
TRN-0824,Valid,Valid,0.055,False,0,0.4191952501082393
TRN-0564,Valid,Valid,0.04,False,0,0.419798044416911
TRN-0359,Valid,Valid,0.025,False,0,0.3917695265632799
TRN-0005,Invalid,Invalid,0.56,False,1,0.5070353807670546
TRN-0682,Invalid,Invalid,0.92,False,1,0.503598208795191
TRN-0011,Valid,Valid,0.03,False,0,0.4251417398652132
TRN-0753,Valid,Valid,0.04,False,0,0.3900534864915886
TRN-0610,Valid,Valid,0.095,False,0,0.4695495215498158
TRN-0752,Valid,Valid,0.11,False,0,0.4410104636741585
TRN-0472,Valid,Valid,0.01,False,0,0.402145103996427
TRN-0625,Valid,Valid,0.065,False,0,0.4123507711315278
TRN-0516,Valid,Valid,0.005,False,0,0.3993092024905356
TRN-0192,Valid,Valid,0.0,False,0,0.3823118539774699
TRN-0593,Valid,Valid,0.065,False,0,0.4314109499519405
TRN-0989,Valid,Valid,0.115,False,0,0.4191899521224668
TRN-0345,Valid,Valid,0.01,False,0,0.3869647545741586
TRN-0972,Valid,Valid,0.255,False,0,0.4195123284585837
TRN-0611,Valid,Valid,0.005,False,0,0.3778832522679725
TRN-0387,Valid,Valid,0.045,False,0,0.4444996720235286
TRN-0739,Valid,Valid,0.07,True,1,0.620380052399361
TRN-0385,Invalid,Invalid,0.8,False,0,0.4642186300293213
TRN-0750,Invalid,Invalid,0.785,False,1,0.5276495603355384
TRN-0903,Valid,Valid,0.0,False,0,0.3826273508353585
TRN-0738,Valid,Valid,0.01,False,0,0.4150806259452713
TRN-0282,Valid,Valid,0.075,False,0,0.4604699020745836
TRN-0291,Invalid,Invalid,0.91,False,0,0.444801569720784
TRN-0778,Valid,Valid,0.015,False,0,0.3748844365771673
TRN-0484,Valid,Valid,0.005,False,0,0.3850913574736381
TRN-0466,Valid,Valid,0.04,False,0,0.4024354744323226
TRN-0164,Valid,Valid,0.045,False,0,0.4379822439689898
TRN-0643,Valid,Valid,0.03,False,0,0.3648751721900048
TRN-0822,Valid,Valid,0.005,False,0,0.3921710823313158
TRN-0981,Valid,Valid,0.085,False,0,0.4225460542815478
TRN-0908,Valid,Valid,0.205,False,0,0.486040343619829
TRN-0619,Valid,Valid,0.045,False,0,0.387822552022006
TRN-0725,Valid,Valid,0.17,False,0,0.470523813731268
TRN-0027,Valid,Valid,0.07,False,0,0.3823836830553659
TRN-0977,Valid,Valid,0.01,False,0,0.4434280384943144
TRN-0846,Valid,Valid,0.005,False,0,0.3692596322873667
TRN-0802,Invalid,Invalid,0.87,True,1,0.5654759342129965
TRN-0613,Valid,Valid,0.085,False,0,0.4457335019949435
TRN-0375,Valid,Valid,0.01,False,0,0.3771946249310902
TRN-0567,Valid,Valid,0.19,False,0,0.4916006184987325
TRN-0661,Valid,Valid,0.035,False,0,0.3999808895443615
TRN-0861,Valid,Valid,0.065,False,0,0.4406634264689603
TRN-0638,Valid,Valid,0.09,False,0,0.4338493571454781
TRN-0514,Valid,Valid,0.035,False,0,0.3882192510276093
TRN-0259,Valid,Valid,0.025,False,0,0.3836502179629492
TRN-0933,Invalid,Invalid,0.92,False,0,0.4941792680488243
TRN-0785,Valid,Valid,0.015,False,0,0.4247301311944731
TRN-0571,Valid,Valid,0.04,False,0,0.4240241966156092
TRN-0101,Valid,Valid,0.07,False,0,0.4650627481990034
TRN-0308,Valid,Valid,0.01,False,0,0.3838670705790577
TRN-0447,Valid,Valid,0.035,False,0,0.3971823478664382
TRN-0354,Valid,Valid,0.025,False,0,0.3846630414491941
TRN-0719,Valid,Valid,0.045,False,0,0.4357318447169059
TRN-0517,Valid,Valid,0.02,False,0,0.4182067079623905
TRN-0956,Valid,Valid,0.01,False,0,0.43557648498364
TRN-0200,Valid,Valid,0.09,False,0,0.4696580853423637
TRN-0463,Invalid,Invalid,0.855,False,0,0.462873689155755
TRN-0356,Valid,Valid,0.03,False,0,0.4003859251950058
TRN-0464,Valid,Valid,0.135,False,0,0.4001410194096381
TRN-0052,Valid,Valid,0.095,False,0,0.4471007380410958
TRN-0737,Invalid,Invalid,0.35,False,0,0.440057069710317
TRN-0549,Valid,Valid,0.015,False,0,0.3787607903339294
TRN-0431,Valid,Valid,0.025,False,0,0.4243863718556176
TRN-0565,Valid,Valid,0.005,False,0,0.3898297743778233
TRN-0660,Valid,Valid,0.03,False,0,0.4071015948945152
TRN-0834,Valid,Valid,0.075,True,1,0.6105619826201945
TRN-0887,Valid,Valid,0.085,False,0,0.46508772142745
TRN-0336,Valid,Valid,0.015,False,0,0.4174218794964916
TRN-0023,Valid,Valid,0.025,False,0,0.3833368316731422
TRN-0305,Invalid,Invalid,0.935,False,1,0.5090107633918469
TRN-0536,Valid,Valid,0.035,False,0,0.3714978204460655
TRN-0261,Valid,Valid,0.09,False,0,0.388194611134955
TRN-0271,Valid,Valid,0.065,False,0,0.4332043643360765
TRN-0827,Valid,Valid,0.035,False,0,0.4004582186351507
TRN-0148,Invalid,Valid,0.04,False,0,0.4174355300094877
TRN-0916,Valid,Valid,0.035,False,0,0.3936596040017045
TRN-0691,Valid,Valid,0.01,False,0,0.3826449244862484
TRN-0915,Valid,Valid,0.025,False,0,0.3931673592127083
TRN-0497,Valid,Valid,0.025,False,0,0.4027963317014207
TRN-0178,Valid,Valid,0.035,False,0,0.4152170194495168
TRN-0327,Valid,Valid,0.015,False,0,0.413087845799687
TRN-0856,Invalid,Invalid,0.935,False,0,0.4795416803286268
TRN-0343,Valid,Valid,0.075,False,0,0.4129133487273338
TRN-0198,Valid,Valid,0.105,False,0,0.4207858312135103
TRN-0290,Invalid,Invalid,1.0,False,1,0.5021828931306913
TRN-0711,Valid,Valid,0.09,False,0,0.4065570276327978
TRN-0284,Valid,Valid,0.015,False,0,0.3777657893606992
TRN-0105,Valid,Valid,0.065,False,0,0.3914839024699855
TRN-0439,Valid,Valid,0.03,False,0,0.3919842179593276
TRN-0602,Invalid,Invalid,0.805,False,0,0.4187867162734282
TRN-0269,Valid,Valid,0.165,False,0,0.3953780964675436
TRN-0184,Valid,Valid,0.025,False,0,0.4147990445288294
TRN-0288,Valid,Valid,0.045,True,1,0.6368071524979049
TRN-0668,Valid,Valid,0.305,False,0,0.4723766489476585
TRN-0014,Valid,Valid,0.08,False,0,0.4410433977374119
TRN-0813,Valid,Valid,0.03,False,0,0.4416020979929
TRN-0636,Valid,Valid,0.015,False,0,0.3851136228149555
TRN-0028,Valid,Valid,0.025,False,0,0.3756127138305036
TRN-0123,Valid,Valid,0.035,False,0,0.3895491303503437
TRN-0088,Valid,Valid,0.01,False,0,0.3772724727649958
TRN-0714,Valid,Valid,0.07,False,0,0.4233911286208399
TRN-0583,Valid,Valid,0.035,False,0,0.4040883683694073
TRN-0421,Valid,Valid,0.09,False,0,0.4337374045807993
TRN-0511,Valid,Valid,0.005,False,0,0.3810016479445924
TRN-0449,Valid,Valid,0.045,False,0,0.4028199959540067
TRN-0038,Valid,Valid,0.075,False,0,0.4357291389555257
TRN-0891,Valid,Valid,0.05,False,0,0.4153683422129103
TRN-0313,Valid,Valid,0.075,False,0,0.4309821600916697
TRN-0255,Valid,Valid,0.045,False,0,0.3725622553994902
TRN-0647,Valid,Valid,0.01,False,0,0.3872976477247344
TRN-0423,Valid,Valid,0.015,False,0,0.3798077644771379
TRN-0398,Invalid,Invalid,0.855,False,0,0.4386299673258553
TRN-0289,Valid,Valid,0.045,False,0,0.3909512429911152
TRN-0579,Valid,Valid,0.03,False,0,0.4043371049414995
TRN-0275,Valid,Valid,0.03,False,0,0.3940999302284179
TRN-0885,Valid,Valid,0.045,False,0,0.4230382152295548
TRN-0201,Valid,Valid,0.03,False,0,0.4021967323104056
TRN-0171,Invalid,Invalid,0.825,False,0,0.4576323364901623
TRN-0689,Valid,Valid,0.075,False,0,0.4520379103037309
TRN-0769,Valid,Valid,0.045,False,0,0.4074991489612355
TRN-0575,Valid,Valid,0.05,False,0,0.4121032949710968
TRN-0428,Valid,Valid,0.005,False,0,0.3731107908014169
TRN-0272,Valid,Valid,0.025,False,0,0.4143491380791873
TRN-0763,Valid,Valid,0.025,False,0,0.399045569059326
TRN-0727,Valid,Valid,0.03,False,0,0.4641389488167919
TRN-0042,Valid,Valid,0.025,False,0,0.3791342297603067
TRN-0773,Invalid,Invalid,0.94,False,0,0.4288437343543874
TRN-0764,Valid,Valid,0.05,False,0,0.4039203888184134
TRN-0620,Valid,Valid,0.07,False,0,0.3749340046179896
TRN-0914,Valid,Valid,0.01,False,0,0.3963607507255478
TRN-0982,Valid,Valid,0.055,False,0,0.488661716825615
TRN-0113,Valid,Valid,0.04,True,1,0.6150612152875565
TRN-0258,Valid,Valid,0.035,False,0,0.3734201332067248
TRN-0002,Valid,Valid,0.01,False,0,0.4094981384217795
TRN-0283,Valid,Valid,0.045,False,0,0.4208331265795905
TRN-0677,Valid,Valid,0.01,False,0,0.3807863206100229
TRN-0486,Valid,Valid,0.12,False,0,0.4213351620584091
TRN-0554,Valid,Valid,0.085,False,0,0.4017814181092126
TRN-0341,Valid,Valid,0.07,False,0,0.469883959860667
TRN-0757,Valid,Valid,0.045,False,0,0.4220222961293637
TRN-0910,Valid,Valid,0.05,False,0,0.4221399145893927
TRN-0106,Valid,Valid,0.085,False,0,0.391172893330859
TRN-0712,Valid,Valid,0.04,False,0,0.417958770098101
TRN-0153,Valid,Valid,0.01,False,0,0.3733152050566393
TRN-0911,Valid,Valid,0.07,False,0,0.4307922661595916
TRN-0174,Valid,Valid,0.005,False,0,0.4088743468902352
TRN-0798,Valid,Valid,0.005,False,0,0.3912834293506826
TRN-0857,Invalid,Invalid,0.42,False,0,0.4895672889759387
TRN-0912,Valid,Valid,0.015,False,0,0.3954429926609782
TRN-0380,Valid,Valid,0.02,False,0,0.4263876327950645
TRN-0218,Valid,Valid,0.09,False,0,0.4674682338515533
TRN-0254,Invalid,Invalid,0.9,False,0,0.4490427871041993
TRN-0441,Valid,Valid,0.085,False,0,0.4470518541661509
TRN-0932,Valid,Valid,0.11,False,0,0.4208215952962423
TRN-0509,Valid,Valid,0.06,False,0,0.3910429884893884
TRN-0673,Valid,Valid,0.08,False,0,0.3875056002417645
TRN-0645,Valid,Valid,0.01,False,0,0.376550044459653
TRN-0263,Valid,Valid,0.01,False,0,0.3920931273046933
TRN-0071,Valid,Valid,0.055,False,0,0.4476604828449801
TRN-0013,Valid,Valid,0.025,False,0,0.387347074183725
TRN-0260,Valid,Valid,0.13,False,0,0.4695233768565767
TRN-0045,Valid,Valid,0.135,False,0,0.4196089071395529
TRN-0504,Valid,Valid,0.035,False,0,0.4504776307922142
TRN-0876,Valid,Valid,0.13,False,0,0.4537860430149436
TRN-0372,Valid,Valid,0.065,False,0,0.4357966753292624
TRN-0009,Invalid,Invalid,0.78,True,1,0.560403655188199
TRN-0835,Valid,Valid,0.13,False,0,0.4039916159062973
TRN-0083,Valid,Valid,0.03,False,0,0.424635086218144
TRN-0365,Valid,Valid,0.215,False,0,0.4002513102908582
TRN-0695,Valid,Valid,0.06,True,1,0.6090032622493226
TRN-0407,Valid,Valid,0.035,False,0,0.3847544966991757
TRN-0816,Invalid,Invalid,0.515,False,0,0.4394891464437848
TRN-0545,Valid,Valid,0.035,False,0,0.3821877522609984
TRN-0491,Valid,Valid,0.04,False,0,0.4019258131780594
TRN-0165,Valid,Valid,0.01,False,0,0.3977168901342053
TRN-0829,Invalid,Invalid,0.99,False,1,0.5594326763460148
TRN-0965,Valid,Valid,0.06,False,0,0.4379774222516763
TRN-0930,Valid,Valid,0.07,False,0,0.3899888505778823
TRN-0949,Valid,Valid,0.125,False,0,0.4099603425523589
TRN-0446,Valid,Valid,0.06,False,0,0.4176559228711144
TRN-0333,Valid,Valid,0.0,False,0,0.4108431924839104
TRN-0056,Valid,Valid,0.11,False,0,0.4096957068611954
TRN-0221,Valid,Valid,0.03,False,0,0.4668284355996365
TRN-0627,Valid,Valid,0.02,False,0,0.3935920420231873
TRN-0649,Invalid,Invalid,0.97,False,0,0.4729129934879438
TRN-0758,Valid,Valid,0.24,False,0,0.4173228161387878
TRN-0823,Valid,Valid,0.01,False,0,0.4115724750684598
TRN-0265,Valid,Valid,0.115,False,0,0.4093154786630793
TRN-0508,Invalid,Invalid,0.92,False,0,0.477260328138157
TRN-0618,Invalid,Valid,0.135,False,0,0.4095055927035061
TRN-0588,Valid,Valid,0.01,False,0,0.4368079236589366
TRN-0136,Valid,Valid,0.05,False,0,0.3954815747744849
TRN-0166,Valid,Valid,0.015,False,0,0.4250304858260588
TRN-0410,Invalid,Invalid,0.85,True,1,0.5356465048305014
TRN-0503,Valid,Valid,0.015,False,0,0.4209725218372454
TRN-0587,Valid,Valid,0.005,False,0,0.3937014906412137
TRN-0975,Valid,Valid,0.075,False,0,0.442142059177156
TRN-0143,Invalid,Invalid,0.815,False,0,0.476726107607756
TRN-0226,Valid,Valid,0.075,False,0,0.4002535087171768
TRN-0322,Valid,Valid,0.11,False,0,0.4850078618608941
TRN-0717,Valid,Valid,0.025,False,0,0.4068459751446464
TRN-0921,Valid,Valid,0.07,False,0,0.45442279996358
TRN-0659,Valid,Valid,0.01,False,0,0.4077076651077208
TRN-0276,Valid,Valid,0.02,False,0,0.4204082339396097
TRN-0573,Valid,Valid,0.1,False,0,0.4091030694597599
TRN-0877,Valid,Valid,0.1,False,0,0.4187267407291156
TRN-0468,Invalid,Invalid,0.435,False,0,0.4246561119171185
TRN-0181,Invalid,Invalid,0.36,False,0,0.4577417461410994
TRN-0353,Valid,Valid,0.02,False,0,0.4027062855060225
TRN-0147,Valid,Valid,0.03,False,0,0.4175517500835961
TRN-0144,Valid,Valid,0.03,False,0,0.4161388041181527
TRN-0019,Valid,Valid,0.045,False,0,0.4898144615893811
TRN-0626,Invalid,Invalid,1.0,False,1,0.5594326763460148
TRN-0476,Valid,Valid,0.005,False,0,0.4084016671442093
TRN-0796,Valid,Valid,0.03,False,0,0.3963402105269913
TRN-0870,Valid,Valid,0.065,False,0,0.4188994342019184
TRN-0854,Valid,Valid,0.045,False,0,0.4631890362840933
TRN-0134,Valid,Valid,0.05,False,0,0.4294543731893595
TRN-0527,Valid,Valid,0.015,False,0,0.3752903309695045
TRN-0770,Valid,Valid,0.02,False,0,0.3791334195541954
TRN-0251,Valid,Valid,0.285,False,0,0.4845660141764296
TRN-0132,Valid,Valid,0.03,False,0,0.4449766135744323
TRN-0215,Invalid,Invalid,1.0,False,0,0.4994208702028235
TRN-0780,Valid,Valid,0.0,False,0,0.3889289137660999
TRN-0425,Valid,Valid,0.065,False,0,0.4548050614918394
TRN-0273,Valid,Valid,0.015,False,0,0.4042291879881644
TRN-0970,Valid,Valid,0.115,False,0,0.4295778785498221
TRN-0318,Valid,Valid,0.085,False,0,0.3920575253331064
TRN-0767,Valid,Valid,0.06,False,0,0.4247013544403579
TRN-0437,Valid,Valid,0.125,False,0,0.4832918517472352
TRN-0502,Valid,Valid,0.16,False,0,0.4692501267730505
TRN-0413,Valid,Valid,0.145,False,0,0.4217499606798843
TRN-0735,Valid,Valid,0.2,False,0,0.3821782793747531
TRN-0249,Valid,Valid,0.025,False,0,0.4157737436016209
TRN-0941,Valid,Valid,0.02,False,0,0.4234703923455368
TRN-0644,Valid,Valid,0.07,False,0,0.4205079904788112
TRN-0004,Valid,Valid,0.02,False,0,0.4038092784984401
TRN-0102,Valid,Valid,0.015,False,0,0.4044141399085268
TRN-0310,Valid,Valid,0.0,False,0,0.3961425779172945
TRN-0653,Valid,Valid,0.045,False,0,0.4135896727031086
TRN-0115,Valid,Valid,0.095,False,0,0.4353129726623679
TRN-0772,Valid,Valid,0.09,False,0,0.4844011869963535
TRN-0831,Valid,Valid,0.185,False,0,0.3860382674126729
TRN-0705,Valid,Invalid,0.445,False,0,0.4681268344079178
TRN-0991,Valid,Valid,0.045,False,0,0.4063708317061431
TRN-0862,Valid,Valid,0.075,False,0,0.3801406004016525
TRN-0229,Valid,Valid,0.04,False,0,0.4068876096923554
TRN-0696,Valid,Valid,0.065,False,0,0.3873498072270038
TRN-0371,Valid,Valid,0.18,False,0,0.467629569755148
TRN-0819,Valid,Valid,0.055,False,0,0.3974495276396664
TRN-0107,Valid,Valid,0.005,False,0,0.3974207134442556
TRN-0017,Valid,Valid,0.045,False,0,0.4064795870742592
TRN-0196,Valid,Valid,0.125,False,0,0.4061823354062107
TRN-0548,Valid,Valid,0.055,False,0,0.404942234712057
TRN-0525,Valid,Valid,0.11,False,0,0.4090010367556823
TRN-0687,Valid,Valid,0.235,False,0,0.4819287435890356
TRN-0637,Valid,Valid,0.07,False,0,0.4661853215053878
TRN-0790,Valid,Valid,0.045,False,0,0.4205432785921481
TRN-0337,Valid,Valid,0.06,False,0,0.4321080164314657
TRN-0776,Valid,Valid,0.035,False,0,0.3745141472496339
TRN-0882,Valid,Valid,0.035,False,0,0.4086534296481425
TRN-0235,Valid,Valid,0.045,False,0,0.4083028538460226
TRN-0112,Valid,Valid,0.045,False,0,0.4319454296173642
TRN-0296,Valid,Valid,0.01,False,0,0.3978305264539606
TRN-0809,Valid,Valid,0.09,False,0,0.4824235213563206
TRN-0853,Valid,Valid,0.065,False,0,0.4016081691423274
TRN-0529,Invalid,Invalid,0.87,False,0,0.4817140296674641
TRN-0874,Invalid,Invalid,0.91,False,0,0.4595835523807202
TRN-0293,Valid,Valid,0.01,False,0,0.3834614438856116
TRN-0386,Valid,Valid,0.01,False,0,0.4117980005705753
TRN-0001,Valid,Valid,0.11,False,0,0.4361004725379758
TRN-0483,Valid,Valid,0.04,False,0,0.3991759533362035
TRN-0127,Valid,Valid,0.115,False,0,0.4244469051853871
TRN-0207,Valid,Valid,0.085,False,0,0.4282233448381941
TRN-0471,Valid,Valid,0.065,False,0,0.4452190321434751
TRN-0059,Invalid,Valid,0.325,False,1,0.533253641731209
TRN-0063,Valid,Valid,0.035,False,0,0.429129066214383
TRN-0698,Valid,Valid,0.015,False,0,0.3916516014995012
TRN-0960,Valid,Valid,0.045,False,0,0.4158502404023472
TRN-0899,Valid,Valid,0.07,False,0,0.4169649349021046
TRN-0100,Valid,Valid,0.015,True,1,0.6065141411878345
TRN-0292,Invalid,Invalid,0.73,False,1,0.5062612133232132
TRN-0789,Valid,Valid,0.025,False,0,0.4162264738300317
TRN-0883,Invalid,Invalid,0.755,False,0,0.397840127364651
TRN-0987,Valid,Valid,0.09,False,0,0.4832300784934629
TRN-0845,Valid,Valid,0.065,False,0,0.4145717108471677
TRN-0519,Valid,Valid,0.06,False,0,0.4006874827385708
TRN-0170,Valid,Valid,0.025,False,0,0.3801185253591815
TRN-0803,Valid,Valid,0.025,False,0,0.4310068888410899
TRN-0414,Valid,Valid,0.04,False,0,0.4004876746986746
TRN-0347,Valid,Valid,0.135,False,1,0.5044950813744051
TRN-0022,Valid,Valid,0.035,False,0,0.4164060922575812
TRN-0534,Valid,Valid,0.165,False,1,0.5220335775301564
TRN-0690,Invalid,Invalid,0.8,True,1,0.566809051136815
TRN-0021,Valid,Valid,0.04,False,0,0.4249128139430907
TRN-0280,Valid,Valid,0.045,False,0,0.4356862304955403
TRN-0366,Valid,Valid,0.01,False,0,0.3932236786375383
TRN-0775,Valid,Valid,0.04,False,0,0.4260670377882122
TRN-0274,Valid,Valid,0.05,False,0,0.4191640396273905
TRN-0404,Valid,Valid,0.005,False,0,0.3868771646307617
TRN-0139,Valid,Valid,0.015,False,0,0.4077095553546784
TRN-0325,Valid,Valid,0.06,False,0,0.4220768213011852
TRN-0155,Valid,Valid,0.0,False,0,0.3774735645260225
TRN-0756,Valid,Valid,0.1,False,0,0.383665064226254
TRN-0679,Valid,Valid,0.035,False,0,0.4275015715110501
TRN-0837,Invalid,Valid,0.06,False,0,0.3861285866537431
TRN-0160,Valid,Valid,0.055,False,0,0.4103412404729682
TRN-0058,Valid,Invalid,0.615,False,1,0.5035524897803665
TRN-0357,Invalid,Invalid,1.0,False,0,0.482568848340409
TRN-0964,Valid,Valid,0.045,True,1,0.6147520527894281
TRN-0594,Valid,Valid,0.055,False,0,0.4151123193358154
TRN-0520,Valid,Valid,0.04,False,0,0.4138750739842359
TRN-0495,Valid,Valid,0.005,False,0,0.3778936478066781
TRN-0328,Valid,Valid,0.055,False,0,0.4039532676124168
TRN-0152,Valid,Valid,0.125,False,0,0.4481682395751314
TRN-0962,Valid,Valid,0.035,False,0,0.3919383338822883
TRN-0990,Valid,Valid,0.03,False,0,0.4128890936498253
TRN-0740,Valid,Valid,0.01,False,0,0.4371766619009449
TRN-0812,Valid,Valid,0.095,False,0,0.4333724224650746
TRN-0079,Valid,Valid,0.05,False,0,0.4524816990551267
TRN-0008,Valid,Valid,0.14,False,0,0.4063345603493859
TRN-0865,Valid,Valid,0.035,False,0,0.4216953955017392
TRN-0909,Valid,Valid,0.075,False,0,0.3912281296913405
TRN-0693,Valid,Valid,0.075,False,0,0.4409306712601872
TRN-0427,Valid,Valid,0.05,False,0,0.4070780583101839
TRN-0595,Valid,Valid,0.005,False,0,0.4228349628216507
TRN-0086,Valid,Valid,0.06,False,0,0.4382802406991816
TRN-0338,Valid,Valid,0.075,False,0,0.4132963585129702
TRN-0745,Invalid,Invalid,1.0,False,1,0.5254743400744656
TRN-0256,Valid,Valid,0.18,False,0,0.4860331736931912
TRN-0412,Valid,Valid,0.075,False,0,0.4557893440131959
TRN-0073,Valid,Valid,0.02,False,0,0.4085737035055294
TRN-0836,Valid,Valid,0.09,False,0,0.4171628043075948
TRN-0907,Invalid,Invalid,0.79,False,0,0.4648521812049728
TRN-0010,Valid,Valid,0.03,False,0,0.3935939831688826
TRN-0569,Valid,Valid,0.005,False,0,0.4072378685930465
TRN-0528,Valid,Valid,0.125,False,0,0.4781376511904741
TRN-0983,Valid,Valid,0.075,False,0,0.3993359975946418
TRN-0760,Valid,Valid,0.17,False,0,0.4751746979380256
TRN-0547,Valid,Valid,0.34,False,0,0.4190771226655966
TRN-0376,Valid,Valid,0.115,False,0,0.4718210641132164
TRN-0600,Valid,Valid,0.015,False,0,0.400143770229425
TRN-0029,Valid,Valid,0.055,False,0,0.4084252485375446
TRN-0039,Invalid,Invalid,0.93,False,0,0.426735848808787
TRN-0033,Valid,Valid,0.085,False,0,0.4320442493447104
TRN-0833,Valid,Valid,0.28,False,0,0.4727778920157688
TRN-0390,Valid,Valid,0.015,False,0,0.4519813151684894
TRN-0044,Valid,Valid,0.17,False,0,0.4790994224225788
TRN-0452,Valid,Valid,0.015,False,0,0.3854371354176136
TRN-0228,Valid,Valid,0.06,False,0,0.4431839627365029
TRN-0432,Invalid,Invalid,0.85,False,0,0.4606572029114522
TRN-0898,Valid,Valid,0.02,False,0,0.413630954425001
TRN-0204,Valid,Valid,0.055,False,0,0.3816317216604355
TRN-0121,Invalid,Invalid,0.73,False,0,0.4663272743004247
TRN-0902,Valid,Valid,0.03,False,0,0.4221277699741063
TRN-0183,Valid,Valid,0.12,False,0,0.4740002267930015
TRN-0634,Valid,Valid,0.045,False,0,0.4185206088623232
TRN-0378,Valid,Valid,0.07,False,0,0.4077448138446469
TRN-0814,Valid,Valid,0.02,False,0,0.396355625629251
TRN-0396,Valid,Valid,0.005,False,0,0.4142319417437202
TRN-0663,Valid,Invalid,0.435,False,1,0.5085212707003052
TRN-0193,Valid,Valid,0.06,False,0,0.4578618947553091
TRN-0163,Valid,Valid,0.01,False,0,0.3954499466648501
TRN-0951,Valid,Valid,0.03,False,0,0.3921325497534041
TRN-0453,Valid,Valid,0.11,False,0,0.4663769393966196
TRN-0247,Valid,Valid,0.02,False,0,0.4439261566258828
TRN-0892,Valid,Valid,0.035,False,0,0.4184020386362793
TRN-0841,Valid,Valid,0.005,False,0,0.4339291290379075
TRN-0233,Invalid,Invalid,0.835,False,0,0.4549616525774652
TRN-0896,Valid,Valid,0.005,False,0,0.391075117641272
TRN-0572,Valid,Valid,0.01,False,0,0.4242713088537939
TRN-0377,Valid,Valid,0.015,False,0,0.3858483809123541
TRN-0402,Invalid,Invalid,0.645,False,0,0.4198234778616474
TRN-0692,Invalid,Invalid,0.895,False,0,0.4445731280630806
TRN-0524,Valid,Valid,0.03,False,0,0.4260282838938656
TRN-0686,Valid,Valid,0.045,False,0,0.3800030592639871
TRN-0479,Invalid,Invalid,0.675,False,0,0.413769349250695
TRN-0731,Valid,Valid,0.17,False,0,0.3808486217646985
TRN-0099,Valid,Valid,0.01,False,0,0.4016730626070753
TRN-0817,Valid,Valid,0.095,False,0,0.3966863883230378
TRN-0277,Valid,Valid,0.005,False,0,0.4296719519108501
TRN-0493,Valid,Valid,0.05,False,0,0.3776533841218912
TRN-0726,Valid,Valid,0.04,False,0,0.3928397585103355
TRN-0330,Valid,Valid,0.07,False,0,0.389145847733308
TRN-0117,Valid,Valid,0.025,False,0,0.3769256618750338
TRN-0840,Valid,Valid,0.035,False,0,0.4309783757798279
TRN-0640,Invalid,Invalid,0.525,False,0,0.4329803385231131
TRN-0576,Valid,Valid,0.03,False,0,0.4397418954680078
TRN-0815,Valid,Valid,0.02,False,0,0.3730575007267994
TRN-0048,Valid,Valid,0.025,False,0,0.3888709807980517
TRN-0783,Valid,Valid,0.045,True,1,0.6193018510883923
TRN-0632,Valid,Valid,0.02,False,0,0.4179662700392443
TRN-0766,Valid,Valid,0.035,False,0,0.4098795100862162
TRN-0241,Valid,Valid,0.0,False,0,0.3908256354280216
TRN-0810,Valid,Valid,0.055,False,0,0.4186794537274325
TRN-0301,Invalid,Invalid,0.795,False,1,0.5205557270428216
TRN-0984,Valid,Valid,0.035,False,0,0.4092380341840539
TRN-0054,Valid,Valid,0.11,False,0,0.4950174723762692
TRN-0866,Invalid,Invalid,0.63,False,1,0.5498318206844562
TRN-0180,Valid,Valid,0.045,False,0,0.4175005012155829
TRN-0832,Valid,Valid,0.095,False,0,0.4608365473182493
TRN-0979,Valid,Valid,0.19,False,0,0.4224091361611631
TRN-0070,Valid,Valid,0.095,False,0,0.3794787759662645
TRN-0169,Valid,Valid,0.065,False,0,0.4160596825809828
TRN-0599,Valid,Valid,0.015,False,0,0.3968546229767833
TRN-0998,Valid,Valid,0.015,False,0,0.4050555391745412
TRN-0016,Valid,Valid,0.02,False,0,0.3847976763178645
TRN-0314,Valid,Valid,0.01,False,0,0.3906767072706454
TRN-0628,Valid,Valid,0.09,False,0,0.3962619993295204
TRN-0586,Valid,Valid,0.09,False,0,0.4479520166993147
TRN-0145,Valid,Valid,0.065,False,0,0.4550885115744697
TRN-0370,Valid,Valid,0.005,False,0,0.421552814432459
TRN-0122,Valid,Valid,0.03,False,0,0.3991732538984548
TRN-0374,Valid,Valid,0.075,False,0,0.4243868646708537
TRN-0878,Invalid,Invalid,0.84,False,0,0.4249933249799996
TRN-0847,Valid,Valid,0.09,False,0,0.4666545596118744
TRN-0540,Valid,Valid,0.175,False,0,0.4949172078091511
TRN-0808,Invalid,Invalid,0.62,True,1,0.5774193903031902
TRN-0886,Valid,Valid,0.095,False,0,0.4186927802039142
TRN-0510,Valid,Valid,0.03,False,0,0.3986998034328529
TRN-0418,Valid,Valid,0.055,False,0,0.3918483577548421
TRN-0850,Valid,Valid,0.045,False,0,0.445314032380478
TRN-0532,Valid,Valid,0.06,False,0,0.4216419715108306
TRN-0361,Valid,Valid,0.04,False,0,0.4021783419623773
TRN-0161,Valid,Valid,0.05,False,0,0.4328066287478102
TRN-0110,Valid,Valid,0.025,False,0,0.3907765844041314
TRN-0175,Valid,Valid,0.055,True,1,0.5901948358180615
TRN-0616,Valid,Valid,0.055,False,0,0.3955583430275171
TRN-0119,Valid,Valid,0.005,False,0,0.3829870443994893
TRN-0635,Valid,Valid,0.06,False,0,0.4176241340870837
TRN-0278,Valid,Valid,0.195,False,0,0.4331071295141395
TRN-0225,Invalid,Invalid,0.475,False,0,0.4586684870496869
TRN-0959,Valid,Valid,0.02,False,0,0.4328073355209056
TRN-0349,Invalid,Invalid,0.7,False,0,0.4416490348015705
TRN-0159,Valid,Valid,0.105,False,0,0.463862233118391
TRN-0032,Valid,Valid,0.055,False,0,0.4468666557587498
TRN-0344,Valid,Valid,0.22,False,0,0.4511569384681747
TRN-0391,Valid,Valid,0.02,False,0,0.3951441406650542
TRN-0651,Valid,Valid,0.165,False,0,0.4103850265946274
TRN-0538,Valid,Valid,0.195,False,0,0.482729520442671
TRN-0264,Valid,Valid,0.04,False,0,0.4428268023939606
TRN-0804,Valid,Valid,0.015,False,0,0.3955061425279719
TRN-0875,Valid,Valid,0.025,False,0,0.4204511749538018
TRN-0179,Valid,Valid,0.31,False,0,0.4058546764259222
TRN-0664,Valid,Valid,0.005,False,0,0.4006385294034978
TRN-0848,Valid,Valid,0.175,False,0,0.3986478501512298
TRN-0319,Valid,Valid,0.035,False,0,0.3802238778243054
TRN-0897,Valid,Valid,0.035,False,0,0.3875342591222667
TRN-0617,Valid,Valid,0.045,False,0,0.4339402991045125
TRN-0066,Valid,Valid,0.035,False,0,0.4027843370178195
TRN-0329,Valid,Valid,0.015,False,0,0.3939481544228216
TRN-0512,Invalid,Invalid,1.0,False,0,0.4743890011442545
TRN-0559,Valid,Valid,0.065,False,0,0.4536115427150582
TRN-0843,Valid,Valid,0.015,False,0,0.4191177580797139
TRN-0080,Valid,Valid,0.015,False,0,0.4278571830754644
TRN-0401,Invalid,Valid,0.18,False,0,0.4023829725068129
TRN-0384,Valid,Valid,0.02,False,0,0.3854953881943569
TRN-0047,Valid,Valid,0.02,False,0,0.394087622105308
TRN-0938,Valid,Valid,0.02,False,0,0.4356098635674907
TRN-0724,Valid,Valid,0.205,False,0,0.4041491872435296
TRN-0089,Invalid,Invalid,0.675,False,1,0.5366492697079343
TRN-0114,Valid,Valid,0.025,False,0,0.4070602476214899
TRN-0748,Valid,Valid,0.06,False,0,0.4164287872860256
TRN-0459,Valid,Valid,0.085,False,0,0.4000040310026931
TRN-0223,Valid,Valid,0.085,False,0,0.4375920087989495
TRN-0851,Valid,Valid,0.115,False,0,0.4736537011880006
TRN-0582,Valid,Valid,0.095,False,0,0.4268125829104831
TRN-0007,Valid,Valid,0.1,False,0,0.4437153577879384
TRN-0947,Valid,Valid,0.025,False,0,0.4496919397848171
TRN-0556,Valid,Valid,0.05,False,0,0.4285289538395615
TRN-0006,Valid,Valid,0.075,False,0,0.4444548086620296
TRN-0036,Valid,Valid,0.025,False,0,0.4212984224765944
TRN-0655,Valid,Valid,0.045,False,0,0.4146511974764187
TRN-0419,Valid,Valid,0.32,False,0,0.456569954368128
TRN-0800,Valid,Valid,0.025,False,0,0.4003191839742768
TRN-0298,Valid,Valid,0.03,False,0,0.4093280198482572
TRN-0146,Valid,Valid,0.125,False,0,0.4248872294034039
TRN-0074,Invalid,Invalid,0.89,False,0,0.4521795017534163
TRN-0358,Invalid,Invalid,0.905,False,0,0.4494898482222393
TRN-0521,Valid,Valid,0.02,False,0,0.4079641993960963
TRN-0598,Valid,Valid,0.025,False,0,0.4198134495334016
TRN-0242,Valid,Valid,0.03,False,0,0.4148727797603261
TRN-0285,Valid,Valid,0.05,False,0,0.4346352759784092
TRN-0786,Valid,Valid,0.195,False,0,0.4099494476399078
TRN-0976,Valid,Valid,0.01,False,0,0.3747373333015286
TRN-0467,Valid,Valid,0.055,False,0,0.4021990148402918
TRN-0186,Valid,Valid,0.01,False,0,0.4182845995934326
TRN-0592,Valid,Valid,0.045,False,0,0.3937816656496112
TRN-1000,Valid,Valid,0.115,False,0,0.4044306616606813
TRN-0852,Valid,Valid,0.06,True,1,0.638994035017837
TRN-0955,Valid,Valid,0.035,False,0,0.4143710228476199
TRN-0125,Valid,Valid,0.055,False,0,0.4085606398206731
TRN-0570,Invalid,Invalid,0.825,False,0,0.4331094321455321
TRN-0189,Valid,Valid,0.015,False,0,0.4228034279619269
TRN-0470,Valid,Valid,0.025,False,0,0.4494976385024273
TRN-0003,Valid,Valid,0.085,False,0,0.4565509337774387
TRN-0442,Valid,Valid,0.06,False,0,0.431112632350305
TRN-0716,Valid,Valid,0.075,False,0,0.4519364331352894
TRN-0678,Valid,Valid,0.0,False,0,0.3722601677173045
TRN-0978,Valid,Valid,0.07,False,0,0.4876573321144832
TRN-0350,Valid,Valid,0.025,False,0,0.4072759123983245
TRN-0924,Valid,Valid,0.03,False,0,0.4128435363003062
TRN-0918,Invalid,Invalid,0.885,True,1,0.5414874130338725
TRN-0552,Valid,Valid,0.12,False,0,0.4615650309297547
TRN-0999,Valid,Valid,0.045,False,0,0.3949732710870295
TRN-0444,Valid,Valid,0.08,False,0,0.4325175583881241
TRN-0118,Invalid,Invalid,0.8,False,0,0.4940815001351553
TRN-0950,Invalid,Valid,0.19,False,0,0.4527732553958382
TRN-0642,Invalid,Invalid,0.705,False,0,0.4826523516755687
TRN-0953,Valid,Valid,0.035,False,0,0.4071595024639097
TRN-0821,Valid,Valid,0.04,False,0,0.4044645986982054
TRN-0487,Valid,Valid,0.015,False,0,0.3857612656133257
TRN-0871,Valid,Valid,0.03,False,0,0.4089278719053096
TRN-0683,Invalid,Invalid,0.795,False,0,0.4497925408056361
TRN-0555,Valid,Valid,0.035,False,0,0.432818961673525
TRN-0085,Valid,Valid,0.025,False,0,0.4496029242926016
TRN-0685,Valid,Valid,0.075,False,0,0.4458416473494099
TRN-0888,Invalid,Invalid,0.68,False,0,0.4782292170551778
TRN-0609,Valid,Valid,0.0,False,0,0.3840750709205368
TRN-0182,Valid,Valid,0.025,False,0,0.3996183214182739
TRN-0211,Valid,Valid,0.18,False,1,0.5045571158379341
TRN-0574,Valid,Valid,0.025,False,0,0.4347919700498697
TRN-0648,Valid,Valid,0.055,False,0,0.3832764721171233
TRN-0665,Invalid,Invalid,0.825,False,1,0.5048681806855528
TRN-0966,Valid,Valid,0.095,False,0,0.4403999031635752
TRN-0064,Valid,Valid,0.005,False,0,0.4016965240056738
TRN-0499,Invalid,Valid,0.175,False,0,0.4186568783015597
TRN-0334,Valid,Valid,0.19,False,0,0.4085763497886405
TRN-0352,Valid,Valid,0.015,False,0,0.398403283565677
TRN-0448,Valid,Valid,0.03,False,0,0.4150716323520023
TRN-0701,Valid,Valid,0.315,False,0,0.421109797775384
TRN-0077,Invalid,Invalid,0.915,False,1,0.541028441323026
TRN-0900,Valid,Valid,0.035,False,0,0.4102961058743449
TRN-0034,Valid,Valid,0.035,False,0,0.4094116714500753
TRN-0239,Valid,Valid,0.07,False,0,0.4349740192150387
TRN-0535,Invalid,Invalid,0.63,False,1,0.5036312740946377
TRN-0373,Valid,Valid,0.03,False,0,0.393339116981073
TRN-0539,Valid,Valid,0.045,False,0,0.4076387266694057
TRN-0141,Valid,Valid,0.025,False,0,0.4072726266116717
